agent,difficulty,seed,stage,success,lives,decisions,score,seconds,hits,crates,stars
cem,relaxed,40000,0,1.0,5.0,4.0,550.0,7.9,0.0,0.0,3.0
cem,relaxed,40000,1,1.0,5.0,5.0,650.0,7.1,0.0,0.0,4.0
cem,relaxed,40000,2,1.0,5.0,14.0,2425.0,19.1,0.0,4.0,6.0
cem,relaxed,40000,3,1.0,5.0,17.0,2950.0,16.6,0.0,5.0,6.0
cem,relaxed,40000,4,1.0,5.0,19.0,3275.0,17.39999999999999,0.0,6.0,7.0
cem,relaxed,40000,5,1.0,5.0,21.0,3350.0,26.10000000000001,0.0,8.0,7.0
cem,relaxed,40000,6,1.0,5.0,23.0,3300.0,19.39999999999999,0.0,8.0,8.0
cem,relaxed,40000,7,1.0,5.0,19.0,3375.0,19.400000000000006,0.0,7.0,8.0
cem,relaxed,40000,8,1.0,5.0,17.0,3175.0,28.5,0.0,6.0,9.0
cem,relaxed,40000,9,1.0,5.0,16.0,3025.0,17.5,0.0,6.0,9.0
cem,relaxed,40000,10,1.0,5.0,25.0,3700.0,37.0,0.0,8.0,9.0
cem,relaxed,40000,11,1.0,5.0,24.0,3825.0,18.400000000000006,0.0,8.0,9.0
cem,relaxed,40000,12,1.0,5.0,19.0,3450.0,24.400000000000006,0.0,8.0,9.0
cem,relaxed,40000,13,1.0,5.0,20.0,3600.0,30.80000000000001,0.0,7.0,9.0
cem,relaxed,40001,0,1.0,5.0,4.0,550.0,10.5,0.0,0.0,3.0
cem,relaxed,40001,1,1.0,5.0,5.0,650.0,16.5,0.0,0.0,4.0
cem,relaxed,40001,2,1.0,5.0,16.0,2900.0,23.299999999999997,0.0,6.0,6.0
cem,relaxed,40001,3,1.0,5.0,19.0,3225.0,25.299999999999997,0.0,6.0,6.0
cem,relaxed,40001,4,1.0,5.0,24.0,3475.0,14.600000000000009,0.0,7.0,7.0
cem,relaxed,40001,5,1.0,5.0,15.0,2775.0,10.399999999999991,0.0,5.0,7.0
cem,relaxed,40001,6,1.0,5.0,20.0,3525.0,14.400000000000006,0.0,8.0,8.0
cem,relaxed,40001,7,1.0,5.0,22.0,3900.0,15.400000000000006,0.0,8.0,8.0
cem,relaxed,40001,8,1.0,5.0,22.0,3550.0,24.0,0.0,8.0,9.0
cem,relaxed,40001,9,1.0,5.0,17.0,3450.0,23.900000000000006,0.0,7.0,9.0
cem,relaxed,40001,10,1.0,5.0,23.0,3150.0,41.89999999999998,0.0,6.0,9.0
cem,relaxed,40001,11,1.0,5.0,20.0,3125.0,37.80000000000001,0.0,6.0,9.0
cem,relaxed,40001,12,1.0,5.0,20.0,3400.0,22.899999999999977,0.0,7.0,9.0
cem,relaxed,40001,13,1.0,5.0,17.0,3175.0,14.400000000000034,0.0,6.0,9.0
cem,relaxed,40002,0,1.0,5.0,4.0,550.0,7.8,0.0,0.0,3.0
cem,relaxed,40002,1,1.0,5.0,5.0,650.0,8.899999999999999,0.0,0.0,4.0
cem,relaxed,40002,2,1.0,5.0,16.0,3000.0,18.599999999999998,0.0,6.0,6.0
cem,relaxed,40002,3,1.0,5.0,17.0,2775.0,22.400000000000006,0.0,6.0,6.0
cem,relaxed,40002,4,1.0,5.0,17.0,3475.0,19.200000000000003,0.0,8.0,7.0
cem,relaxed,40002,5,1.0,5.0,19.0,3150.0,16.5,0.0,8.0,7.0
cem,relaxed,40002,6,1.0,5.0,25.0,3475.0,34.3,0.0,7.0,8.0
cem,relaxed,40002,7,1.0,5.0,21.0,3250.0,23.10000000000001,0.0,7.0,8.0
cem,relaxed,40002,8,1.0,5.0,23.0,3625.0,33.0,0.0,8.0,9.0
cem,relaxed,40002,9,1.0,5.0,23.0,3575.0,23.599999999999994,0.0,8.0,9.0
cem,relaxed,40002,10,1.0,5.0,18.0,3150.0,19.900000000000006,0.0,6.0,9.0
cem,relaxed,40002,11,1.0,5.0,15.0,3250.0,17.099999999999994,0.0,5.0,9.0
cem,relaxed,40002,12,1.0,5.0,19.0,3625.0,20.599999999999994,0.0,7.0,9.0
cem,relaxed,40002,13,1.0,5.0,21.0,3650.0,12.699999999999989,0.0,8.0,9.0
cem,relaxed,40003,0,1.0,5.0,4.0,550.0,19.3,0.0,0.0,3.0
cem,relaxed,40003,1,1.0,5.0,5.0,650.0,10.0,0.0,0.0,4.0
cem,relaxed,40003,2,1.0,5.0,18.0,3100.0,22.499999999999996,0.0,6.0,6.0
cem,relaxed,40003,3,1.0,5.0,17.0,2750.0,25.400000000000006,0.0,6.0,6.0
cem,relaxed,40003,4,1.0,5.0,18.0,3175.0,22.599999999999994,0.0,7.0,7.0
cem,relaxed,40003,5,1.0,5.0,21.0,3450.0,28.60000000000001,0.0,7.0,7.0
cem,relaxed,40003,6,1.0,5.0,19.0,3275.0,27.599999999999994,0.0,7.0,8.0
cem,relaxed,40003,7,1.0,5.0,18.0,3150.0,22.400000000000006,0.0,6.0,8.0
cem,relaxed,40003,8,1.0,5.0,21.0,3425.0,24.599999999999994,0.0,6.0,9.0
cem,relaxed,40003,9,1.0,5.0,18.0,3325.0,22.69999999999999,0.0,6.0,9.0
cem,relaxed,40003,10,1.0,5.0,16.0,3200.0,22.900000000000006,0.0,6.0,9.0
cem,relaxed,40003,11,1.0,5.0,22.0,3400.0,22.00000000000003,0.0,8.0,9.0
cem,relaxed,40003,12,1.0,5.0,18.0,3500.0,15.199999999999989,0.0,8.0,9.0
cem,relaxed,40003,13,1.0,5.0,20.0,3400.0,27.599999999999966,0.0,6.0,9.0
cem,relaxed,40004,0,1.0,5.0,4.0,550.0,11.8,0.0,0.0,3.0
cem,relaxed,40004,1,1.0,5.0,5.0,650.0,17.3,0.0,0.0,4.0
cem,relaxed,40004,2,1.0,5.0,13.0,2700.0,11.699999999999996,0.0,4.0,6.0
cem,relaxed,40004,3,1.0,5.0,17.0,3200.0,15.900000000000006,0.0,5.0,6.0
cem,relaxed,40004,4,1.0,5.0,22.0,3200.0,24.200000000000003,0.0,7.0,7.0
cem,relaxed,40004,5,1.0,5.0,19.0,3175.0,15.399999999999991,0.0,8.0,7.0
cem,relaxed,40004,6,1.0,5.0,21.0,3675.0,16.200000000000003,0.0,8.0,8.0
cem,relaxed,40004,7,1.0,5.0,19.0,3350.0,23.099999999999994,0.0,8.0,8.0
cem,relaxed,40004,8,1.0,5.0,22.0,3125.0,20.900000000000006,0.0,7.0,9.0
cem,relaxed,40004,9,1.0,5.0,19.0,3225.0,26.900000000000006,0.0,6.0,9.0
cem,relaxed,40004,10,1.0,5.0,23.0,3925.0,24.0,0.0,8.0,9.0
cem,relaxed,40004,11,1.0,5.0,20.0,3325.0,16.099999999999994,0.0,7.0,9.0
cem,relaxed,40004,12,1.0,5.0,20.0,3275.0,25.0,0.0,6.0,9.0
cem,relaxed,40004,13,1.0,5.0,18.0,3475.0,21.600000000000023,0.0,7.0,9.0
cem,relaxed,40005,0,1.0,5.0,4.0,550.0,12.3,0.0,0.0,3.0
cem,relaxed,40005,1,1.0,5.0,5.0,650.0,18.2,0.0,0.0,4.0
cem,relaxed,40005,2,1.0,5.0,13.0,2575.0,31.299999999999997,0.0,4.0,6.0
cem,relaxed,40005,3,1.0,5.0,19.0,3000.0,16.5,0.0,7.0,6.0
cem,relaxed,40005,4,1.0,5.0,20.0,3125.0,17.0,0.0,6.0,7.0
cem,relaxed,40005,5,1.0,5.0,18.0,3450.0,22.60000000000001,0.0,7.0,7.0
cem,relaxed,40005,6,1.0,5.0,21.0,3525.0,19.299999999999983,0.0,8.0,8.0
cem,relaxed,40005,7,1.0,5.0,20.0,3525.0,16.600000000000023,0.0,8.0,8.0
cem,relaxed,40005,8,1.0,5.0,23.0,3550.0,16.0,0.0,8.0,9.0
cem,relaxed,40005,9,1.0,5.0,22.0,3575.0,25.5,0.0,7.0,9.0
cem,relaxed,40005,10,1.0,5.0,23.0,3475.0,16.19999999999999,0.0,7.0,9.0
cem,relaxed,40005,11,1.0,5.0,20.0,3425.0,22.599999999999994,0.0,8.0,9.0
cem,relaxed,40005,12,1.0,5.0,21.0,3475.0,18.099999999999994,0.0,7.0,9.0
cem,relaxed,40005,13,1.0,5.0,23.0,3425.0,24.80000000000001,0.0,8.0,9.0
cem,relaxed,40006,0,1.0,5.0,4.0,550.0,5.6,0.0,0.0,3.0
cem,relaxed,40006,1,1.0,5.0,5.0,650.0,10.4,0.0,0.0,4.0
cem,relaxed,40006,2,1.0,5.0,17.0,3100.0,16.0,0.0,6.0,6.0
cem,relaxed,40006,3,1.0,5.0,17.0,2800.0,17.5,0.0,6.0,6.0
cem,relaxed,40006,4,1.0,5.0,18.0,3375.0,14.700000000000003,0.0,7.0,7.0
cem,relaxed,40006,5,1.0,5.0,18.0,3425.0,18.39999999999999,0.0,8.0,7.0
cem,relaxed,40006,6,1.0,5.0,14.0,2775.0,22.30000000000001,0.0,6.0,8.0
cem,relaxed,40006,7,1.0,5.0,22.0,3550.0,25.5,0.0,8.0,8.0
cem,relaxed,40006,8,1.0,5.0,21.0,3550.0,21.599999999999994,0.0,8.0,9.0
cem,relaxed,40006,9,1.0,5.0,19.0,3225.0,19.400000000000006,0.0,6.0,9.0
cem,relaxed,40006,10,1.0,5.0,24.0,3450.0,30.19999999999999,0.0,8.0,9.0
cem,relaxed,40006,11,1.0,5.0,22.0,3375.0,36.400000000000006,0.0,8.0,9.0
cem,relaxed,40006,12,1.0,5.0,20.0,3225.0,25.600000000000023,0.0,7.0,9.0
cem,relaxed,40006,13,1.0,5.0,23.0,3550.0,19.099999999999966,0.0,7.0,9.0
cem,relaxed,40007,0,1.0,5.0,4.0,550.0,9.9,0.0,0.0,3.0
cem,relaxed,40007,1,1.0,5.0,5.0,650.0,11.700000000000001,0.0,0.0,4.0
cem,relaxed,40007,2,1.0,5.0,14.0,2675.0,16.5,0.0,5.0,6.0
cem,relaxed,40007,3,1.0,5.0,17.0,3075.0,41.199999999999996,0.0,7.0,6.0
cem,relaxed,40007,4,1.0,5.0,22.0,3450.0,22.60000000000001,0.0,8.0,7.0
cem,relaxed,40007,5,1.0,5.0,16.0,3175.0,27.19999999999999,0.0,8.0,7.0
cem,relaxed,40007,6,1.0,5.0,14.0,3025.0,12.099999999999994,0.0,6.0,8.0
cem,relaxed,40007,7,1.0,5.0,20.0,3300.0,17.600000000000023,0.0,6.0,8.0
cem,relaxed,40007,8,1.0,5.0,20.0,3175.0,20.0,0.0,6.0,9.0
cem,relaxed,40007,9,1.0,5.0,22.0,3325.0,17.0,0.0,6.0,9.0
cem,relaxed,40007,10,1.0,5.0,16.0,2875.0,23.399999999999977,0.0,6.0,9.0
cem,relaxed,40007,11,1.0,5.0,19.0,3425.0,14.5,0.0,6.0,9.0
cem,relaxed,40007,12,1.0,5.0,21.0,3425.0,14.100000000000023,0.0,8.0,9.0
cem,relaxed,40007,13,1.0,5.0,18.0,3325.0,29.19999999999999,0.0,6.0,9.0
cem,relaxed,40008,0,1.0,5.0,4.0,550.0,10.1,0.0,0.0,3.0
cem,relaxed,40008,1,1.0,5.0,5.0,650.0,5.4,0.0,0.0,4.0
cem,relaxed,40008,2,1.0,5.0,14.0,2425.0,12.5,0.0,4.0,6.0
cem,relaxed,40008,3,1.0,5.0,17.0,2875.0,24.6,0.0,6.0,6.0
cem,relaxed,40008,4,1.0,5.0,15.0,2900.0,14.399999999999999,0.0,6.0,7.0
cem,relaxed,40008,5,1.0,5.0,20.0,3325.0,23.0,0.0,8.0,7.0
cem,relaxed,40008,6,1.0,5.0,19.0,3300.0,14.799999999999997,0.0,6.0,8.0
cem,relaxed,40008,7,1.0,5.0,19.0,3350.0,24.299999999999997,0.0,7.0,8.0
cem,relaxed,40008,8,1.0,5.0,17.0,2950.0,14.5,0.0,6.0,9.0
cem,relaxed,40008,9,1.0,5.0,19.0,3475.0,25.400000000000006,0.0,7.0,9.0
cem,relaxed,40008,10,1.0,5.0,21.0,3475.0,25.5,0.0,6.0,9.0
cem,relaxed,40008,11,1.0,5.0,20.0,3450.0,28.5,0.0,8.0,9.0
cem,relaxed,40008,12,1.0,5.0,19.0,3200.0,15.599999999999994,0.0,8.0,9.0
cem,relaxed,40008,13,1.0,5.0,20.0,3375.0,14.800000000000011,0.0,7.0,9.0
cem,relaxed,40009,0,1.0,5.0,4.0,550.0,8.1,0.0,0.0,3.0
cem,relaxed,40009,1,1.0,5.0,5.0,650.0,16.1,0.0,0.0,4.0
cem,relaxed,40009,2,1.0,5.0,16.0,2625.0,20.099999999999998,0.0,4.0,6.0
cem,relaxed,40009,3,1.0,5.0,17.0,3250.0,18.200000000000003,0.0,7.0,6.0
cem,relaxed,40009,4,1.0,5.0,19.0,3175.0,21.299999999999997,0.0,7.0,7.0
cem,relaxed,40009,5,1.0,5.0,18.0,2975.0,26.299999999999997,0.0,6.0,7.0
cem,relaxed,40009,6,1.0,5.0,22.0,3350.0,19.400000000000006,0.0,8.0,8.0
cem,relaxed,40009,7,1.0,5.0,19.0,3150.0,15.300000000000011,0.0,6.0,8.0
cem,relaxed,40009,8,1.0,5.0,21.0,3625.0,23.0,0.0,7.0,9.0
cem,relaxed,40009,9,1.0,5.0,20.0,3125.0,11.0,0.0,6.0,9.0
cem,relaxed,40009,10,1.0,5.0,22.0,3500.0,35.89999999999998,0.0,7.0,9.0
cem,relaxed,40009,11,1.0,5.0,22.0,3525.0,36.20000000000002,0.0,7.0,9.0
cem,relaxed,40009,12,1.0,5.0,21.0,3175.0,24.400000000000006,0.0,6.0,9.0
cem,relaxed,40009,13,1.0,5.0,22.0,3400.0,15.800000000000011,0.0,7.0,9.0
cem,relaxed,40010,0,1.0,5.0,4.0,550.0,6.8,0.0,0.0,3.0
cem,relaxed,40010,1,1.0,5.0,5.0,650.0,9.599999999999998,0.0,0.0,4.0
cem,relaxed,40010,2,1.0,5.0,18.0,3275.0,29.800000000000004,0.0,6.0,6.0
cem,relaxed,40010,3,1.0,5.0,14.0,3200.0,20.299999999999997,0.0,6.0,6.0
cem,relaxed,40010,4,1.0,5.0,14.0,3125.0,24.200000000000003,0.0,6.0,7.0
cem,relaxed,40010,5,1.0,5.0,21.0,3375.0,18.299999999999997,0.0,8.0,7.0
cem,relaxed,40010,6,1.0,5.0,16.0,3025.0,12.799999999999997,0.0,6.0,8.0
cem,relaxed,40010,7,1.0,5.0,19.0,3125.0,13.500000000000014,0.0,7.0,8.0
cem,relaxed,40010,8,1.0,5.0,21.0,3650.0,25.5,0.0,7.0,9.0
cem,relaxed,40010,9,1.0,5.0,20.0,3475.0,20.399999999999977,0.0,7.0,9.0
cem,relaxed,40010,10,1.0,5.0,22.0,3550.0,28.0,0.0,8.0,9.0
cem,relaxed,40010,11,1.0,5.0,15.0,3025.0,17.5,0.0,7.0,9.0
cem,relaxed,40010,12,1.0,5.0,20.0,3475.0,21.30000000000001,0.0,8.0,9.0
cem,relaxed,40010,13,1.0,5.0,18.0,3350.0,29.30000000000001,0.0,7.0,9.0
cem,relaxed,40011,0,1.0,5.0,4.0,550.0,12.7,0.0,0.0,3.0
cem,relaxed,40011,1,1.0,5.0,5.0,650.0,10.8,0.0,0.0,4.0
cem,relaxed,40011,2,1.0,5.0,19.0,2975.0,27.299999999999997,0.0,6.0,6.0
cem,relaxed,40011,3,1.0,5.0,18.0,3025.0,29.0,0.0,6.0,6.0
cem,relaxed,40011,4,1.0,5.0,18.0,3225.0,11.200000000000003,0.0,7.0,7.0
cem,relaxed,40011,5,1.0,5.0,15.0,2950.0,20.799999999999997,0.0,6.0,7.0
cem,relaxed,40011,6,1.0,5.0,18.0,3300.0,21.60000000000001,0.0,6.0,8.0
cem,relaxed,40011,7,1.0,5.0,17.0,3125.0,22.299999999999983,0.0,6.0,8.0
cem,relaxed,40011,8,1.0,5.0,17.0,3375.0,19.900000000000006,0.0,7.0,9.0
cem,relaxed,40011,9,1.0,5.0,22.0,3750.0,29.30000000000001,0.0,8.0,9.0
cem,relaxed,40011,10,1.0,5.0,19.0,3375.0,23.19999999999999,0.0,7.0,9.0
cem,relaxed,40011,11,1.0,5.0,17.0,3300.0,14.900000000000006,0.0,6.0,9.0
cem,relaxed,40011,12,1.0,5.0,23.0,3550.0,21.399999999999977,0.0,8.0,9.0
cem,relaxed,40011,13,1.0,5.0,21.0,3375.0,25.80000000000001,0.0,7.0,9.0
cem,relaxed,40012,0,1.0,5.0,4.0,550.0,5.8,0.0,0.0,3.0
cem,relaxed,40012,1,1.0,5.0,5.0,650.0,10.3,0.0,0.0,4.0
cem,relaxed,40012,2,1.0,5.0,14.0,2600.0,12.799999999999997,0.0,4.0,6.0
cem,relaxed,40012,3,1.0,5.0,15.0,2975.0,17.300000000000004,0.0,5.0,6.0
cem,relaxed,40012,4,1.0,5.0,19.0,3175.0,17.299999999999997,0.0,6.0,7.0
cem,relaxed,40012,5,1.0,5.0,15.0,3200.0,14.099999999999994,0.0,6.0,7.0
cem,relaxed,40012,6,1.0,5.0,18.0,3425.0,29.5,0.0,6.0,8.0
cem,relaxed,40012,7,1.0,5.0,17.0,2950.0,14.300000000000011,0.0,6.0,8.0
cem,relaxed,40012,8,1.0,5.0,20.0,3375.0,18.69999999999999,0.0,7.0,9.0
cem,relaxed,40012,9,1.0,5.0,20.0,3225.0,11.5,0.0,6.0,9.0
cem,relaxed,40012,10,1.0,5.0,20.0,3525.0,20.200000000000017,0.0,6.0,9.0
cem,relaxed,40012,11,1.0,5.0,20.0,3400.0,16.0,0.0,7.0,9.0
cem,relaxed,40012,12,1.0,5.0,18.0,3125.0,25.0,0.0,6.0,9.0
cem,relaxed,40012,13,1.0,5.0,21.0,3375.0,14.199999999999989,0.0,7.0,9.0
cem,relaxed,40013,0,1.0,5.0,4.0,550.0,6.9,0.0,0.0,3.0
cem,relaxed,40013,1,1.0,5.0,5.0,650.0,10.299999999999999,0.0,0.0,4.0
cem,relaxed,40013,2,1.0,5.0,16.0,2625.0,17.599999999999998,0.0,5.0,6.0
cem,relaxed,40013,3,1.0,5.0,20.0,2900.0,11.800000000000004,0.0,7.0,6.0
cem,relaxed,40013,4,1.0,5.0,23.0,3075.0,25.999999999999993,0.0,8.0,7.0
cem,relaxed,40013,5,1.0,5.0,20.0,3325.0,16.10000000000001,0.0,8.0,7.0
cem,relaxed,40013,6,1.0,5.0,18.0,3375.0,12.399999999999991,0.0,7.0,8.0
cem,relaxed,40013,7,1.0,5.0,18.0,3100.0,20.900000000000006,0.0,6.0,8.0
cem,relaxed,40013,8,1.0,5.0,22.0,3550.0,21.400000000000006,0.0,8.0,9.0
cem,relaxed,40013,9,1.0,5.0,20.0,3525.0,20.400000000000006,0.0,8.0,9.0
cem,relaxed,40013,10,1.0,5.0,20.0,3300.0,17.599999999999994,0.0,7.0,9.0
cem,relaxed,40013,11,1.0,5.0,20.0,3475.0,33.099999999999994,0.0,7.0,9.0
cem,relaxed,40013,12,1.0,5.0,17.0,3175.0,19.099999999999994,0.0,6.0,9.0
cem,relaxed,40013,13,1.0,5.0,23.0,3650.0,40.599999999999994,0.0,8.0,9.0
cem,relaxed,40014,0,1.0,5.0,4.0,550.0,10.3,0.0,0.0,3.0
cem,relaxed,40014,1,1.0,5.0,5.0,650.0,13.099999999999998,0.0,0.0,4.0
cem,relaxed,40014,2,1.0,5.0,20.0,2825.0,16.9,0.0,6.0,6.0
cem,relaxed,40014,3,1.0,5.0,18.0,3050.0,20.1,0.0,7.0,6.0
cem,relaxed,40014,4,1.0,5.0,23.0,3375.0,14.000000000000007,0.0,8.0,7.0
cem,relaxed,40014,5,1.0,5.0,20.0,3550.0,15.299999999999997,0.0,7.0,7.0
cem,relaxed,40014,6,1.0,5.0,22.0,3625.0,24.700000000000003,0.0,8.0,8.0
cem,relaxed,40014,7,1.0,5.0,21.0,3475.0,22.5,0.0,6.0,8.0
cem,relaxed,40014,8,1.0,5.0,19.0,3375.0,16.69999999999999,0.0,7.0,9.0
cem,relaxed,40014,9,1.0,5.0,19.0,3075.0,17.599999999999994,0.0,6.0,9.0
cem,relaxed,40014,10,1.0,5.0,20.0,3325.0,24.200000000000017,0.0,6.0,9.0
cem,relaxed,40014,11,1.0,5.0,19.0,2950.0,19.5,0.0,6.0,9.0
cem,relaxed,40014,12,1.0,5.0,22.0,3400.0,20.69999999999999,0.0,7.0,9.0
cem,relaxed,40014,13,1.0,5.0,27.0,3950.0,31.900000000000006,0.0,8.0,9.0
cem,relaxed,40015,0,1.0,5.0,4.0,550.0,8.5,0.0,0.0,3.0
cem,relaxed,40015,1,1.0,5.0,5.0,650.0,10.7,0.0,0.0,4.0
cem,relaxed,40015,2,1.0,5.0,16.0,3050.0,13.400000000000002,0.0,5.0,6.0
cem,relaxed,40015,3,1.0,5.0,20.0,3125.0,14.399999999999999,0.0,6.0,6.0
cem,relaxed,40015,4,1.0,5.0,11.0,2700.0,9.5,0.0,4.0,7.0
cem,relaxed,40015,5,1.0,5.0,19.0,3250.0,18.700000000000003,0.0,7.0,7.0
cem,relaxed,40015,6,1.0,5.0,16.0,3125.0,23.5,0.0,6.0,8.0
cem,relaxed,40015,7,1.0,5.0,22.0,3575.0,19.5,0.0,8.0,8.0
cem,relaxed,40015,8,1.0,5.0,19.0,3700.0,15.399999999999991,0.0,8.0,9.0
cem,relaxed,40015,9,1.0,5.0,22.0,3450.0,23.900000000000006,0.0,8.0,9.0
cem,relaxed,40015,10,1.0,5.0,21.0,3350.0,20.19999999999999,0.0,6.0,9.0
cem,relaxed,40015,11,1.0,5.0,17.0,3225.0,16.400000000000006,0.0,6.0,9.0
cem,relaxed,40015,12,1.0,5.0,19.0,3275.0,28.900000000000006,0.0,8.0,9.0
cem,relaxed,40015,13,1.0,5.0,22.0,3800.0,28.400000000000006,0.0,8.0,9.0
cem,relaxed,40016,0,1.0,5.0,4.0,550.0,21.1,0.0,0.0,3.0
cem,relaxed,40016,1,1.0,5.0,5.0,650.0,8.799999999999997,0.0,0.0,4.0
cem,relaxed,40016,2,1.0,5.0,16.0,2850.0,15.100000000000001,0.0,5.0,6.0
cem,relaxed,40016,3,1.0,5.0,20.0,3125.0,19.400000000000006,0.0,7.0,6.0
cem,relaxed,40016,4,1.0,5.0,20.0,3375.0,16.099999999999994,0.0,7.0,7.0
cem,relaxed,40016,5,1.0,5.0,20.0,3450.0,18.5,0.0,8.0,7.0
cem,relaxed,40016,6,1.0,5.0,20.0,3375.0,18.400000000000006,0.0,8.0,8.0
cem,relaxed,40016,7,1.0,5.0,20.0,3450.0,17.5,0.0,8.0,8.0
cem,relaxed,40016,8,1.0,5.0,17.0,3400.0,12.599999999999994,0.0,8.0,9.0
cem,relaxed,40016,9,1.0,5.0,20.0,3650.0,13.099999999999994,0.0,8.0,9.0
cem,relaxed,40016,10,1.0,5.0,21.0,3250.0,16.099999999999994,0.0,6.0,9.0
cem,relaxed,40016,11,1.0,5.0,20.0,3375.0,14.400000000000006,0.0,7.0,9.0
cem,relaxed,40016,12,1.0,5.0,23.0,3550.0,26.599999999999994,0.0,7.0,9.0
cem,relaxed,40016,13,1.0,5.0,22.0,3500.0,16.900000000000006,0.0,6.0,9.0
cem,relaxed,40017,0,1.0,5.0,4.0,550.0,8.7,0.0,0.0,3.0
cem,relaxed,40017,1,1.0,5.0,5.0,650.0,6.100000000000001,0.0,0.0,4.0
cem,relaxed,40017,2,1.0,5.0,19.0,3150.0,16.599999999999998,0.0,6.0,6.0
cem,relaxed,40017,3,1.0,5.0,15.0,2950.0,15.600000000000001,0.0,5.0,6.0
cem,relaxed,40017,4,1.0,5.0,22.0,3625.0,24.900000000000006,0.0,8.0,7.0
cem,relaxed,40017,5,1.0,5.0,19.0,2850.0,17.39999999999999,0.0,6.0,7.0
cem,relaxed,40017,6,1.0,5.0,15.0,3250.0,21.0,0.0,7.0,8.0
cem,relaxed,40017,7,1.0,5.0,22.0,3400.0,13.900000000000006,0.0,7.0,8.0
cem,relaxed,40017,8,1.0,5.0,16.0,3200.0,17.299999999999997,0.0,7.0,9.0
cem,relaxed,40017,9,1.0,5.0,18.0,3375.0,33.099999999999994,0.0,8.0,9.0
cem,relaxed,40017,10,1.0,5.0,19.0,3300.0,24.599999999999994,0.0,6.0,9.0
cem,relaxed,40017,11,1.0,5.0,20.0,3275.0,27.100000000000023,0.0,6.0,9.0
cem,relaxed,40017,12,1.0,5.0,20.0,3275.0,22.5,0.0,6.0,9.0
cem,relaxed,40017,13,1.0,5.0,19.0,3300.0,21.80000000000001,0.0,7.0,9.0
cem,relaxed,40018,0,1.0,5.0,4.0,550.0,9.5,0.0,0.0,3.0
cem,relaxed,40018,1,1.0,5.0,5.0,650.0,9.8,0.0,0.0,4.0
cem,relaxed,40018,2,1.0,5.0,19.0,3075.0,15.7,0.0,6.0,6.0
cem,relaxed,40018,3,1.0,5.0,16.0,2950.0,22.5,0.0,6.0,6.0
cem,relaxed,40018,4,1.0,5.0,22.0,3400.0,24.400000000000006,0.0,8.0,7.0
cem,relaxed,40018,5,1.0,5.0,16.0,2850.0,15.899999999999991,0.0,5.0,7.0
cem,relaxed,40018,6,1.0,5.0,25.0,3600.0,25.10000000000001,0.0,7.0,8.0
cem,relaxed,40018,7,1.0,5.0,22.0,3600.0,17.19999999999999,0.0,7.0,8.0
cem,relaxed,40018,8,1.0,5.0,22.0,3575.0,16.400000000000006,0.0,7.0,9.0
cem,relaxed,40018,9,1.0,5.0,22.0,3450.0,13.099999999999994,0.0,8.0,9.0
cem,relaxed,40018,10,1.0,5.0,22.0,3325.0,28.700000000000017,0.0,6.0,9.0
cem,relaxed,40018,11,1.0,5.0,23.0,3750.0,14.199999999999989,0.0,8.0,9.0
cem,relaxed,40018,12,1.0,5.0,21.0,3050.0,16.900000000000006,0.0,6.0,9.0
cem,relaxed,40018,13,1.0,5.0,19.0,3675.0,14.699999999999989,0.0,7.0,9.0
cem,relaxed,40019,0,1.0,5.0,4.0,550.0,7.1,0.0,0.0,3.0
cem,relaxed,40019,1,1.0,5.0,5.0,650.0,9.200000000000001,0.0,0.0,4.0
cem,relaxed,40019,2,1.0,5.0,16.0,2625.0,17.8,0.0,4.0,6.0
cem,relaxed,40019,3,1.0,5.0,15.0,3000.0,12.199999999999996,0.0,6.0,6.0
cem,relaxed,40019,4,1.0,5.0,17.0,3100.0,15.300000000000004,0.0,6.0,7.0
cem,relaxed,40019,5,1.0,5.0,20.0,3100.0,16.300000000000004,0.0,6.0,7.0
cem,relaxed,40019,6,1.0,5.0,18.0,3000.0,13.199999999999989,0.0,6.0,8.0
cem,relaxed,40019,7,1.0,5.0,18.0,3275.0,16.80000000000001,0.0,8.0,8.0
cem,relaxed,40019,8,1.0,5.0,19.0,3475.0,15.899999999999991,0.0,7.0,9.0
cem,relaxed,40019,9,1.0,5.0,22.0,3200.0,20.200000000000003,0.0,7.0,9.0
cem,relaxed,40019,10,1.0,5.0,20.0,3525.0,23.0,0.0,7.0,9.0
cem,relaxed,40019,11,1.0,5.0,19.0,3225.0,15.300000000000011,0.0,6.0,9.0
cem,relaxed,40019,12,1.0,5.0,22.0,3225.0,18.69999999999999,0.0,6.0,9.0
cem,relaxed,40019,13,1.0,5.0,17.0,3075.0,18.400000000000006,0.0,6.0,9.0
cem,relaxed,40020,0,1.0,5.0,4.0,550.0,10.7,0.0,0.0,3.0
cem,relaxed,40020,1,1.0,5.0,5.0,650.0,10.3,0.0,0.0,4.0
cem,relaxed,40020,2,1.0,5.0,16.0,2600.0,31.4,0.0,4.0,6.0
cem,relaxed,40020,3,1.0,5.0,16.0,2950.0,22.199999999999996,0.0,6.0,6.0
cem,relaxed,40020,4,1.0,5.0,19.0,3000.0,16.400000000000006,0.0,7.0,7.0
cem,relaxed,40020,5,1.0,5.0,19.0,3000.0,15.599999999999994,0.0,6.0,7.0
cem,relaxed,40020,6,1.0,5.0,17.0,3200.0,20.0,0.0,7.0,8.0
cem,relaxed,40020,7,1.0,5.0,20.0,3425.0,24.599999999999994,0.0,8.0,8.0
cem,relaxed,40020,8,1.0,5.0,18.0,3600.0,23.400000000000006,0.0,8.0,9.0
cem,relaxed,40020,9,1.0,5.0,18.0,3500.0,13.200000000000017,0.0,6.0,9.0
cem,relaxed,40020,10,1.0,5.0,21.0,3425.0,36.39999999999998,0.0,8.0,9.0
cem,relaxed,40020,11,1.0,5.0,24.0,3875.0,20.80000000000001,0.0,8.0,9.0
cem,relaxed,40020,12,1.0,5.0,18.0,3075.0,18.600000000000023,0.0,6.0,9.0
cem,relaxed,40020,13,1.0,5.0,22.0,3625.0,16.399999999999977,0.0,7.0,9.0
cem,relaxed,40021,0,1.0,5.0,4.0,550.0,5.7,0.0,0.0,3.0
cem,relaxed,40021,1,1.0,5.0,5.0,650.0,9.5,0.0,0.0,4.0
cem,relaxed,40021,2,1.0,5.0,13.0,2525.0,18.2,0.0,4.0,6.0
cem,relaxed,40021,3,1.0,5.0,18.0,2975.0,37.1,0.0,5.0,6.0
cem,relaxed,40021,4,1.0,5.0,19.0,3250.0,18.400000000000006,0.0,8.0,7.0
cem,relaxed,40021,5,1.0,5.0,15.0,2950.0,20.39999999999999,0.0,6.0,7.0
cem,relaxed,40021,6,1.0,5.0,19.0,2875.0,20.000000000000014,0.0,6.0,8.0
cem,relaxed,40021,7,1.0,5.0,19.0,3125.0,16.099999999999994,0.0,7.0,8.0
cem,relaxed,40021,8,1.0,5.0,20.0,3900.0,25.69999999999999,0.0,8.0,9.0
cem,relaxed,40021,9,1.0,5.0,19.0,3100.0,12.099999999999994,0.0,5.0,9.0
cem,relaxed,40021,10,1.0,5.0,20.0,3175.0,26.600000000000023,0.0,6.0,9.0
cem,relaxed,40021,11,1.0,5.0,18.0,3225.0,15.799999999999983,0.0,7.0,9.0
cem,relaxed,40021,12,1.0,5.0,16.0,3275.0,18.700000000000017,0.0,7.0,9.0
cem,relaxed,40021,13,1.0,5.0,19.0,3350.0,14.899999999999977,0.0,6.0,9.0
cem,relaxed,40022,0,1.0,5.0,4.0,550.0,7.1,0.0,0.0,3.0
cem,relaxed,40022,1,1.0,5.0,5.0,650.0,13.000000000000002,0.0,0.0,4.0
cem,relaxed,40022,2,1.0,5.0,17.0,3025.0,18.299999999999997,0.0,6.0,6.0
cem,relaxed,40022,3,1.0,5.0,18.0,2650.0,23.1,0.0,5.0,6.0
cem,relaxed,40022,4,1.0,5.0,18.0,3125.0,23.599999999999994,0.0,6.0,7.0
cem,relaxed,40022,5,1.0,5.0,19.0,2925.0,26.0,0.0,6.0,7.0
cem,relaxed,40022,6,1.0,5.0,20.0,3675.0,27.200000000000017,0.0,8.0,8.0
cem,relaxed,40022,7,1.0,5.0,19.0,2975.0,14.099999999999994,0.0,6.0,8.0
cem,relaxed,40022,8,1.0,5.0,21.0,3250.0,33.900000000000006,0.0,6.0,9.0
cem,relaxed,40022,9,1.0,5.0,20.0,3300.0,19.5,0.0,6.0,9.0
cem,relaxed,40022,10,1.0,5.0,19.0,3225.0,13.299999999999983,0.0,7.0,9.0
cem,relaxed,40022,11,1.0,5.0,19.0,3475.0,19.599999999999994,0.0,8.0,9.0
cem,relaxed,40022,12,1.0,5.0,21.0,3325.0,12.5,0.0,6.0,9.0
cem,relaxed,40022,13,1.0,5.0,19.0,3375.0,18.600000000000023,0.0,7.0,9.0
cem,relaxed,40023,0,1.0,5.0,4.0,550.0,12.5,0.0,0.0,3.0
cem,relaxed,40023,1,1.0,5.0,5.0,650.0,9.8,0.0,0.0,4.0
cem,relaxed,40023,2,1.0,5.0,16.0,3275.0,13.400000000000002,0.0,6.0,6.0
cem,relaxed,40023,3,1.0,5.0,16.0,3375.0,17.5,0.0,6.0,6.0
cem,relaxed,40023,4,1.0,5.0,18.0,3300.0,20.5,0.0,6.0,7.0
cem,relaxed,40023,5,1.0,5.0,20.0,3100.0,20.599999999999994,0.0,7.0,7.0
cem,relaxed,40023,6,1.0,5.0,21.0,3150.0,19.5,0.0,6.0,8.0
cem,relaxed,40023,7,1.0,5.0,20.0,3850.0,20.500000000000014,0.0,8.0,8.0
cem,relaxed,40023,8,1.0,5.0,22.0,3375.0,16.799999999999983,0.0,8.0,9.0
cem,relaxed,40023,9,1.0,5.0,16.0,2950.0,14.0,0.0,6.0,9.0
cem,relaxed,40023,10,1.0,5.0,17.0,2975.0,10.400000000000006,0.0,4.0,9.0
cem,relaxed,40023,11,1.0,5.0,18.0,3375.0,15.599999999999994,0.0,6.0,9.0
cem,relaxed,40023,12,1.0,5.0,21.0,3700.0,17.30000000000001,0.0,8.0,9.0
cem,relaxed,40023,13,1.0,5.0,21.0,3525.0,18.400000000000006,0.0,8.0,9.0
cem,relaxed,40024,0,1.0,5.0,4.0,550.0,7.0,0.0,0.0,3.0
cem,relaxed,40024,1,1.0,5.0,5.0,650.0,11.100000000000001,0.0,0.0,4.0
cem,relaxed,40024,2,1.0,5.0,18.0,2850.0,20.0,0.0,6.0,6.0
cem,relaxed,40024,3,1.0,5.0,21.0,2925.0,32.199999999999996,0.0,7.0,6.0
cem,relaxed,40024,4,1.0,5.0,20.0,3225.0,23.299999999999997,0.0,7.0,7.0
cem,relaxed,40024,5,1.0,5.0,22.0,3200.0,28.900000000000006,0.0,6.0,7.0
cem,relaxed,40024,6,1.0,5.0,20.0,3375.0,19.099999999999994,0.0,7.0,8.0
cem,relaxed,40024,7,1.0,5.0,18.0,2950.0,11.0,0.0,6.0,8.0
cem,relaxed,40024,8,1.0,5.0,21.0,3400.0,19.900000000000006,0.0,6.0,9.0
cem,relaxed,40024,9,1.0,5.0,19.0,3125.0,28.0,0.0,6.0,9.0
cem,relaxed,40024,10,1.0,5.0,18.0,3700.0,12.300000000000011,0.0,8.0,9.0
cem,relaxed,40024,11,1.0,5.0,17.0,3225.0,12.899999999999977,0.0,7.0,9.0
cem,relaxed,40024,12,1.0,5.0,18.0,3075.0,18.0,0.0,6.0,9.0
cem,relaxed,40024,13,1.0,5.0,19.0,3425.0,29.100000000000023,0.0,7.0,9.0
cem,relaxed,40025,0,1.0,5.0,4.0,550.0,9.0,0.0,0.0,3.0
cem,relaxed,40025,1,1.0,5.0,5.0,650.0,10.5,0.0,0.0,4.0
cem,relaxed,40025,2,1.0,5.0,18.0,2975.0,16.700000000000003,0.0,6.0,6.0
cem,relaxed,40025,3,1.0,5.0,18.0,3200.0,11.5,0.0,6.0,6.0
cem,relaxed,40025,4,1.0,5.0,20.0,3250.0,30.89999999999999,0.0,8.0,7.0
cem,relaxed,40025,5,1.0,5.0,23.0,3450.0,23.5,0.0,8.0,7.0
cem,relaxed,40025,6,1.0,5.0,19.0,3350.0,22.400000000000006,0.0,7.0,8.0
cem,relaxed,40025,7,1.0,5.0,20.0,3350.0,25.099999999999994,0.0,7.0,8.0
cem,relaxed,40025,8,1.0,5.0,15.0,3300.0,22.80000000000001,0.0,7.0,9.0
cem,relaxed,40025,9,1.0,5.0,19.0,3300.0,21.400000000000006,0.0,6.0,9.0
cem,relaxed,40025,10,1.0,5.0,23.0,3225.0,38.5,0.0,6.0,9.0
cem,relaxed,40025,11,1.0,5.0,23.0,3500.0,16.799999999999983,0.0,7.0,9.0
cem,relaxed,40025,12,1.0,5.0,18.0,3175.0,12.599999999999994,0.0,6.0,9.0
cem,relaxed,40025,13,1.0,5.0,20.0,3250.0,18.600000000000023,0.0,6.0,9.0
cem,relaxed,40026,0,1.0,5.0,4.0,550.0,11.7,0.0,0.0,3.0
cem,relaxed,40026,1,1.0,5.0,5.0,650.0,10.400000000000002,0.0,0.0,4.0
cem,relaxed,40026,2,1.0,5.0,16.0,2675.0,25.6,0.0,5.0,6.0
cem,relaxed,40026,3,1.0,5.0,18.0,3100.0,24.700000000000003,0.0,7.0,6.0
cem,relaxed,40026,4,1.0,5.0,18.0,3375.0,18.299999999999997,0.0,7.0,7.0
cem,relaxed,40026,5,1.0,5.0,18.0,3150.0,25.700000000000003,0.0,6.0,7.0
cem,relaxed,40026,6,1.0,5.0,16.0,3225.0,23.19999999999999,0.0,6.0,8.0
cem,relaxed,40026,7,1.0,5.0,21.0,3525.0,18.599999999999994,0.0,8.0,8.0
cem,relaxed,40026,8,1.0,5.0,19.0,3150.0,13.900000000000006,0.0,7.0,9.0
cem,relaxed,40026,9,1.0,5.0,20.0,3150.0,37.0,0.0,6.0,9.0
cem,relaxed,40026,10,1.0,5.0,18.0,3325.0,18.099999999999994,0.0,7.0,9.0
cem,relaxed,40026,11,1.0,5.0,22.0,3625.0,21.30000000000001,0.0,8.0,9.0
cem,relaxed,40026,12,1.0,5.0,19.0,3350.0,28.600000000000023,0.0,7.0,9.0
cem,relaxed,40026,13,1.0,5.0,21.0,3475.0,12.399999999999977,0.0,8.0,9.0
cem,relaxed,40027,0,1.0,5.0,4.0,550.0,10.6,0.0,0.0,3.0
cem,relaxed,40027,1,1.0,5.0,5.0,650.0,11.000000000000002,0.0,0.0,4.0
cem,relaxed,40027,2,1.0,5.0,12.0,2600.0,19.6,0.0,4.0,6.0
cem,relaxed,40027,3,1.0,5.0,18.0,3100.0,25.599999999999994,0.0,6.0,6.0
cem,relaxed,40027,4,1.0,5.0,18.0,3000.0,15.0,0.0,7.0,7.0
cem,relaxed,40027,5,1.0,5.0,20.0,3300.0,22.200000000000003,0.0,7.0,7.0
cem,relaxed,40027,6,1.0,5.0,17.0,3250.0,16.099999999999994,0.0,7.0,8.0
cem,relaxed,40027,7,1.0,5.0,18.0,3150.0,26.599999999999994,0.0,6.0,8.0
cem,relaxed,40027,8,1.0,5.0,20.0,3350.0,16.100000000000023,0.0,6.0,9.0
cem,relaxed,40027,9,1.0,5.0,22.0,3550.0,26.69999999999999,0.0,8.0,9.0
cem,relaxed,40027,10,1.0,5.0,20.0,3400.0,22.19999999999999,0.0,7.0,9.0
cem,relaxed,40027,11,1.0,5.0,22.0,3325.0,41.900000000000006,0.0,6.0,9.0
cem,relaxed,40027,12,1.0,5.0,18.0,3300.0,15.700000000000017,0.0,8.0,9.0
cem,relaxed,40027,13,1.0,5.0,24.0,3850.0,23.80000000000001,0.0,8.0,9.0
cem,relaxed,40028,0,1.0,5.0,4.0,550.0,18.9,0.0,0.0,3.0
cem,relaxed,40028,1,1.0,5.0,5.0,650.0,10.8,0.0,0.0,4.0
cem,relaxed,40028,2,1.0,5.0,17.0,2675.0,23.500000000000004,0.0,5.0,6.0
cem,relaxed,40028,3,1.0,5.0,15.0,2775.0,20.299999999999997,0.0,5.0,6.0
cem,relaxed,40028,4,1.0,5.0,21.0,3250.0,18.0,0.0,7.0,7.0
cem,relaxed,40028,5,1.0,5.0,20.0,3375.0,17.700000000000003,0.0,7.0,7.0
cem,relaxed,40028,6,1.0,5.0,21.0,2975.0,41.7,0.0,6.0,8.0
cem,relaxed,40028,7,1.0,5.0,20.0,3200.0,23.599999999999994,0.0,7.0,8.0
cem,relaxed,40028,8,1.0,5.0,20.0,3150.0,21.599999999999994,0.0,6.0,9.0
cem,relaxed,40028,9,1.0,5.0,21.0,3275.0,20.099999999999994,0.0,6.0,9.0
cem,relaxed,40028,10,1.0,5.0,24.0,3850.0,15.200000000000017,0.0,8.0,9.0
cem,relaxed,40028,11,1.0,5.0,21.0,3750.0,19.099999999999994,0.0,8.0,9.0
cem,relaxed,40028,12,1.0,5.0,19.0,3300.0,14.0,0.0,6.0,9.0
cem,relaxed,40028,13,1.0,5.0,18.0,3750.0,29.80000000000001,0.0,8.0,9.0
cem,relaxed,40029,0,1.0,5.0,4.0,550.0,8.7,0.0,0.0,3.0
cem,relaxed,40029,1,1.0,5.0,5.0,650.0,10.100000000000001,0.0,0.0,4.0
cem,relaxed,40029,2,1.0,5.0,15.0,2675.0,21.8,0.0,4.0,6.0
cem,relaxed,40029,3,1.0,5.0,17.0,2750.0,21.0,0.0,6.0,6.0
cem,relaxed,40029,4,1.0,5.0,20.0,3250.0,21.999999999999993,0.0,6.0,7.0
cem,relaxed,40029,5,1.0,5.0,16.0,3125.0,17.5,0.0,7.0,7.0
cem,relaxed,40029,6,1.0,5.0,22.0,3425.0,20.700000000000003,0.0,6.0,8.0
cem,relaxed,40029,7,1.0,5.0,19.0,3125.0,14.299999999999997,0.0,6.0,8.0
cem,relaxed,40029,8,1.0,5.0,21.0,3200.0,25.80000000000001,0.0,8.0,9.0
cem,relaxed,40029,9,1.0,5.0,21.0,3575.0,40.099999999999994,0.0,7.0,9.0
cem,relaxed,40029,10,1.0,5.0,19.0,3275.0,13.800000000000011,0.0,7.0,9.0
cem,relaxed,40029,11,1.0,5.0,20.0,3800.0,17.299999999999983,0.0,8.0,9.0
cem,relaxed,40029,12,1.0,5.0,19.0,3475.0,15.700000000000017,0.0,7.0,9.0
cem,relaxed,40029,13,1.0,5.0,19.0,3300.0,17.899999999999977,0.0,7.0,9.0
cem,relaxed,40030,0,1.0,5.0,4.0,550.0,9.2,0.0,0.0,3.0
cem,relaxed,40030,1,1.0,5.0,5.0,650.0,10.3,0.0,0.0,4.0
cem,relaxed,40030,2,1.0,5.0,15.0,2900.0,14.799999999999997,0.0,6.0,6.0
cem,relaxed,40030,3,1.0,5.0,21.0,3350.0,24.6,0.0,7.0,6.0
cem,relaxed,40030,4,1.0,5.0,18.0,3175.0,25.1,0.0,7.0,7.0
cem,relaxed,40030,5,1.0,5.0,16.0,3125.0,21.0,0.0,6.0,7.0
cem,relaxed,40030,6,1.0,5.0,20.0,3275.0,22.0,0.0,6.0,8.0
cem,relaxed,40030,7,1.0,5.0,18.0,3125.0,13.900000000000006,0.0,7.0,8.0
cem,relaxed,40030,8,1.0,5.0,23.0,3075.0,26.19999999999999,0.0,6.0,9.0
cem,relaxed,40030,9,1.0,5.0,21.0,3450.0,24.900000000000006,0.0,7.0,9.0
cem,relaxed,40030,10,1.0,5.0,21.0,3850.0,27.0,0.0,8.0,9.0
cem,relaxed,40030,11,1.0,5.0,17.0,3225.0,12.5,0.0,6.0,9.0
cem,relaxed,40030,12,1.0,5.0,21.0,3300.0,14.099999999999994,0.0,6.0,9.0
cem,relaxed,40030,13,1.0,5.0,24.0,3725.0,23.400000000000006,0.0,8.0,9.0
cem,relaxed,40031,0,1.0,5.0,4.0,550.0,8.8,0.0,0.0,3.0
cem,relaxed,40031,1,1.0,5.0,5.0,650.0,8.399999999999999,0.0,0.0,4.0
cem,relaxed,40031,2,1.0,5.0,15.0,2800.0,11.600000000000001,0.0,4.0,6.0
cem,relaxed,40031,3,1.0,5.0,17.0,2950.0,20.599999999999998,0.0,5.0,6.0
cem,relaxed,40031,4,1.0,5.0,21.0,3100.0,15.500000000000007,0.0,8.0,7.0
cem,relaxed,40031,5,1.0,5.0,17.0,3275.0,20.299999999999997,0.0,7.0,7.0
cem,relaxed,40031,6,1.0,5.0,22.0,3625.0,18.200000000000003,0.0,8.0,8.0
cem,relaxed,40031,7,1.0,5.0,19.0,3125.0,16.39999999999999,0.0,6.0,8.0
cem,relaxed,40031,8,1.0,5.0,19.0,3400.0,22.60000000000001,0.0,7.0,9.0
cem,relaxed,40031,9,1.0,5.0,19.0,3475.0,21.099999999999994,0.0,8.0,9.0
cem,relaxed,40031,10,1.0,5.0,18.0,3200.0,22.400000000000006,0.0,6.0,9.0
cem,relaxed,40031,11,1.0,5.0,21.0,3325.0,36.19999999999999,0.0,6.0,9.0
cem,relaxed,40031,12,1.0,5.0,20.0,3375.0,19.900000000000006,0.0,7.0,9.0
cem,relaxed,40031,13,1.0,5.0,18.0,3100.0,16.899999999999977,0.0,6.0,9.0
cem,normal,40000,0,1.0,3.0,4.0,550.0,10.5,0.0,0.0,3.0
cem,normal,40000,1,1.0,3.0,5.0,650.0,11.2,0.0,0.0,4.0
cem,normal,40000,2,1.0,5.0,20.0,3730.0,22.3,0.0,6.0,6.0
cem,normal,40000,3,1.0,5.0,17.0,4070.0,13.399999999999999,0.0,7.0,6.0
cem,normal,40000,4,1.0,5.0,17.0,4335.0,24.4,0.0,7.0,7.0
cem,normal,40000,5,1.0,5.0,17.0,4295.0,18.10000000000001,0.0,6.0,7.0
cem,normal,40000,6,1.0,5.0,16.0,4265.0,16.0,0.0,6.0,8.0
cem,normal,40000,7,1.0,5.0,21.0,4410.0,19.900000000000006,0.0,7.0,8.0
cem,normal,40000,8,1.0,5.0,21.0,4525.0,20.899999999999977,0.0,8.0,9.0
cem,normal,40000,9,1.0,5.0,22.0,4220.0,23.400000000000006,0.0,6.0,9.0
cem,normal,40000,10,1.0,5.0,21.0,4205.0,22.599999999999994,0.0,7.0,9.0
cem,normal,40000,11,1.0,5.0,18.0,4610.0,14.900000000000006,0.0,6.0,9.0
cem,normal,40000,12,1.0,5.0,21.0,4835.0,24.200000000000017,0.0,8.0,9.0
cem,normal,40000,13,1.0,5.0,23.0,4640.0,26.80000000000001,0.0,8.0,9.0
cem,normal,40001,0,1.0,3.0,4.0,550.0,12.7,0.0,0.0,3.0
cem,normal,40001,1,1.0,3.0,5.0,650.0,7.300000000000001,0.0,0.0,4.0
cem,normal,40001,2,1.0,4.0,19.0,3635.0,29.4,0.0,5.0,6.0
cem,normal,40001,3,1.0,5.0,18.0,3805.0,22.000000000000007,0.0,5.0,6.0
cem,normal,40001,4,1.0,5.0,20.0,4940.0,21.69999999999999,0.0,7.0,7.0
cem,normal,40001,5,1.0,5.0,19.0,4245.0,18.900000000000006,0.0,7.0,7.0
cem,normal,40001,6,1.0,5.0,20.0,4690.0,26.5,0.0,8.0,8.0
cem,normal,40001,7,1.0,5.0,18.0,3940.0,16.5,0.0,6.0,8.0
cem,normal,40001,8,1.0,5.0,21.0,4765.0,16.30000000000001,0.0,7.0,9.0
cem,normal,40001,9,1.0,5.0,18.0,4250.0,10.5,0.0,6.0,9.0
cem,normal,40001,10,1.0,5.0,19.0,4290.0,21.099999999999994,0.0,6.0,9.0
cem,normal,40001,11,1.0,5.0,24.0,4165.0,36.0,0.0,7.0,9.0
cem,normal,40001,12,1.0,5.0,15.0,4320.0,18.400000000000006,0.0,7.0,9.0
cem,normal,40001,13,1.0,5.0,20.0,4235.0,19.0,0.0,7.0,9.0
cem,normal,40002,0,1.0,3.0,4.0,550.0,10.2,0.0,0.0,3.0
cem,normal,40002,1,1.0,3.0,5.0,650.0,13.900000000000002,0.0,0.0,4.0
cem,normal,40002,2,1.0,4.0,16.0,3700.0,15.5,0.0,6.0,6.0
cem,normal,40002,3,1.0,5.0,18.0,4350.0,15.0,0.0,7.0,6.0
cem,normal,40002,4,1.0,5.0,19.0,4200.0,24.999999999999993,0.0,8.0,7.0
cem,normal,40002,5,1.0,5.0,19.0,4335.0,24.200000000000003,0.0,7.0,7.0
cem,normal,40002,6,1.0,5.0,19.0,4135.0,19.799999999999997,0.0,6.0,8.0
cem,normal,40002,7,1.0,5.0,18.0,3965.0,16.599999999999994,0.0,6.0,8.0
cem,normal,40002,8,1.0,5.0,23.0,4890.0,16.5,0.0,7.0,9.0
cem,normal,40002,9,1.0,5.0,21.0,4945.0,18.80000000000001,0.0,8.0,9.0
cem,normal,40002,10,1.0,5.0,22.0,4355.0,27.30000000000001,0.0,7.0,9.0
cem,normal,40002,11,1.0,5.0,21.0,4355.0,17.099999999999994,0.0,7.0,9.0
cem,normal,40002,12,1.0,5.0,20.0,4475.0,20.5,0.0,8.0,9.0
cem,normal,40002,13,1.0,5.0,18.0,4200.0,25.599999999999994,0.0,7.0,9.0
cem,normal,40003,0,1.0,3.0,4.0,550.0,14.5,0.0,0.0,3.0
cem,normal,40003,1,1.0,3.0,5.0,650.0,9.100000000000001,0.0,0.0,4.0
cem,normal,40003,2,1.0,4.0,19.0,3695.0,23.0,0.0,6.0,6.0
cem,normal,40003,3,1.0,5.0,18.0,3845.0,23.6,0.0,5.0,6.0
cem,normal,40003,4,1.0,5.0,18.0,3970.0,18.599999999999994,0.0,6.0,7.0
cem,normal,40003,5,1.0,5.0,18.0,4270.0,23.900000000000006,0.0,6.0,7.0
cem,normal,40003,6,1.0,5.0,22.0,4620.0,18.799999999999997,0.0,8.0,8.0
cem,normal,40003,7,1.0,5.0,19.0,4320.0,18.400000000000006,0.0,6.0,8.0
cem,normal,40003,8,1.0,5.0,21.0,4595.0,23.400000000000006,0.0,7.0,9.0
cem,normal,40003,9,1.0,5.0,16.0,4455.0,22.0,0.0,7.0,9.0
cem,normal,40003,10,1.0,5.0,24.0,4870.0,33.39999999999998,0.0,8.0,9.0
cem,normal,40003,11,1.0,5.0,21.0,4520.0,23.900000000000006,0.0,7.0,9.0
cem,normal,40003,12,1.0,5.0,24.0,4125.0,15.900000000000006,0.0,8.0,9.0
cem,normal,40003,13,1.0,5.0,20.0,4215.0,31.80000000000001,0.0,6.0,9.0
cem,normal,40004,0,1.0,3.0,4.0,550.0,8.6,0.0,0.0,3.0
cem,normal,40004,1,1.0,3.0,5.0,650.0,8.500000000000002,0.0,0.0,4.0
cem,normal,40004,2,1.0,5.0,15.0,3565.0,11.799999999999997,0.0,4.0,6.0
cem,normal,40004,3,1.0,5.0,15.0,4195.0,18.6,0.0,6.0,6.0
cem,normal,40004,4,1.0,5.0,21.0,4400.0,25.299999999999997,0.0,7.0,7.0
cem,normal,40004,5,1.0,5.0,21.0,4370.0,23.299999999999997,0.0,7.0,7.0
cem,normal,40004,6,1.0,5.0,20.0,4345.0,13.200000000000003,0.0,6.0,8.0
cem,normal,40004,7,1.0,5.0,20.0,4405.0,17.700000000000003,0.0,7.0,8.0
cem,normal,40004,8,1.0,5.0,13.0,4300.0,15.099999999999994,0.0,6.0,9.0
cem,normal,40004,9,1.0,5.0,22.0,4970.0,23.900000000000006,0.0,8.0,9.0
cem,normal,40004,10,1.0,5.0,13.0,4510.0,14.099999999999994,0.0,6.0,9.0
cem,normal,40004,11,1.0,5.0,19.0,4690.0,16.30000000000001,0.0,8.0,9.0
cem,normal,40004,12,1.0,5.0,17.0,4305.0,12.900000000000006,0.0,6.0,9.0
cem,normal,40004,13,1.0,5.0,22.0,4315.0,26.299999999999983,0.0,7.0,9.0
cem,normal,40005,0,1.0,3.0,4.0,550.0,10.8,0.0,0.0,3.0
cem,normal,40005,1,1.0,3.0,5.0,650.0,12.5,0.0,0.0,4.0
cem,normal,40005,2,1.0,5.0,13.0,3645.0,8.900000000000002,0.0,4.0,6.0
cem,normal,40005,3,1.0,5.0,16.0,3690.0,16.5,0.0,5.0,6.0
cem,normal,40005,4,1.0,5.0,16.0,4495.0,13.799999999999997,0.0,6.0,7.0
cem,normal,40005,5,1.0,5.0,20.0,4570.0,23.099999999999994,0.0,6.0,7.0
cem,normal,40005,6,1.0,5.0,18.0,4460.0,24.5,0.0,8.0,8.0
cem,normal,40005,7,1.0,5.0,21.0,4365.0,21.400000000000006,0.0,6.0,8.0
cem,normal,40005,8,1.0,5.0,17.0,4370.0,18.400000000000006,0.0,6.0,9.0
cem,normal,40005,9,1.0,5.0,19.0,3945.0,18.299999999999983,0.0,7.0,9.0
cem,normal,40005,10,1.0,5.0,20.0,4400.0,15.900000000000006,0.0,7.0,9.0
cem,normal,40005,11,1.0,5.0,19.0,4695.0,23.200000000000017,0.0,8.0,9.0
cem,normal,40005,12,1.0,5.0,19.0,4600.0,15.399999999999977,0.0,7.0,9.0
cem,normal,40005,13,1.0,5.0,22.0,4505.0,17.200000000000017,0.0,7.0,9.0
cem,normal,40006,0,1.0,3.0,4.0,550.0,19.9,0.0,0.0,3.0
cem,normal,40006,1,1.0,3.0,5.0,650.0,12.0,0.0,0.0,4.0
cem,normal,40006,2,1.0,5.0,15.0,3400.0,10.200000000000003,0.0,5.0,6.0
cem,normal,40006,3,1.0,5.0,19.0,4165.0,21.699999999999996,0.0,6.0,6.0
cem,normal,40006,4,1.0,5.0,16.0,4020.0,28.200000000000003,0.0,8.0,7.0
cem,normal,40006,5,1.0,5.0,19.0,4545.0,18.0,0.0,8.0,7.0
cem,normal,40006,6,1.0,5.0,19.0,4390.0,16.299999999999997,0.0,8.0,8.0
cem,normal,40006,7,1.0,5.0,17.0,4180.0,17.299999999999997,0.0,7.0,8.0
cem,normal,40006,8,1.0,5.0,22.0,4590.0,16.0,0.0,7.0,9.0
cem,normal,40006,9,1.0,5.0,19.0,4555.0,17.700000000000017,0.0,8.0,9.0
cem,normal,40006,10,1.0,5.0,22.0,4535.0,24.19999999999999,0.0,8.0,9.0
cem,normal,40006,11,1.0,5.0,19.0,4235.0,14.5,0.0,6.0,9.0
cem,normal,40006,12,1.0,5.0,19.0,4685.0,14.800000000000011,0.0,8.0,9.0
cem,normal,40006,13,1.0,5.0,23.0,4805.0,27.69999999999999,0.0,8.0,9.0
cem,normal,40007,0,1.0,3.0,4.0,550.0,8.5,0.0,0.0,3.0
cem,normal,40007,1,1.0,3.0,5.0,650.0,7.699999999999999,0.0,0.0,4.0
cem,normal,40007,2,1.0,5.0,18.0,3780.0,17.099999999999998,0.0,5.0,6.0
cem,normal,40007,3,1.0,5.0,19.0,4380.0,12.900000000000006,0.0,6.0,6.0
cem,normal,40007,4,1.0,5.0,21.0,4365.0,21.89999999999999,0.0,8.0,7.0
cem,normal,40007,5,1.0,5.0,20.0,4650.0,15.600000000000009,0.0,8.0,7.0
cem,normal,40007,6,1.0,5.0,16.0,4305.0,22.599999999999994,0.0,6.0,8.0
cem,normal,40007,7,1.0,5.0,21.0,4460.0,34.89999999999999,0.0,6.0,8.0
cem,normal,40007,8,1.0,5.0,22.0,4435.0,14.300000000000011,0.0,7.0,9.0
cem,normal,40007,9,1.0,5.0,22.0,4915.0,21.400000000000006,0.0,8.0,9.0
cem,normal,40007,10,1.0,5.0,20.0,4370.0,23.900000000000006,0.0,6.0,9.0
cem,normal,40007,11,1.0,5.0,23.0,4505.0,17.69999999999999,0.0,8.0,9.0
cem,normal,40007,12,1.0,5.0,18.0,4260.0,19.0,0.0,6.0,9.0
cem,normal,40007,13,1.0,5.0,22.0,4470.0,18.19999999999999,0.0,6.0,9.0
cem,normal,40008,0,1.0,3.0,4.0,550.0,7.3,0.0,0.0,3.0
cem,normal,40008,1,1.0,3.0,5.0,650.0,14.7,0.0,0.0,4.0
cem,normal,40008,2,1.0,5.0,17.0,3830.0,12.700000000000003,0.0,4.0,6.0
cem,normal,40008,3,1.0,5.0,17.0,4185.0,14.599999999999994,0.0,6.0,6.0
cem,normal,40008,4,1.0,5.0,17.0,3910.0,19.799999999999997,0.0,6.0,7.0
cem,normal,40008,5,1.0,5.0,18.0,4445.0,13.100000000000009,0.0,8.0,7.0
cem,normal,40008,6,1.0,5.0,23.0,4805.0,32.8,0.0,8.0,8.0
cem,normal,40008,7,1.0,5.0,21.0,4820.0,18.099999999999994,0.0,8.0,8.0
cem,normal,40008,8,1.0,5.0,22.0,3990.0,46.80000000000001,0.0,7.0,9.0
cem,normal,40008,9,1.0,5.0,20.0,4515.0,26.299999999999983,0.0,8.0,9.0
cem,normal,40008,10,1.0,5.0,20.0,4025.0,35.70000000000002,0.0,6.0,9.0
cem,normal,40008,11,1.0,5.0,19.0,4545.0,13.199999999999989,0.0,7.0,9.0
cem,normal,40008,12,1.0,5.0,17.0,4370.0,18.599999999999994,0.0,6.0,9.0
cem,normal,40008,13,1.0,5.0,21.0,4870.0,18.80000000000001,0.0,8.0,9.0
cem,normal,40009,0,1.0,3.0,4.0,550.0,5.8,0.0,0.0,3.0
cem,normal,40009,1,1.0,3.0,5.0,650.0,9.7,0.0,0.0,4.0
cem,normal,40009,2,1.0,5.0,17.0,3955.0,17.799999999999997,0.0,5.0,6.0
cem,normal,40009,3,1.0,5.0,20.0,4160.0,14.600000000000001,0.0,7.0,6.0
cem,normal,40009,4,1.0,5.0,23.0,4425.0,15.100000000000001,0.0,7.0,7.0
cem,normal,40009,5,1.0,5.0,18.0,4020.0,33.0,0.0,6.0,7.0
cem,normal,40009,6,1.0,5.0,22.0,4580.0,17.299999999999997,0.0,8.0,8.0
cem,normal,40009,7,1.0,5.0,18.0,4305.0,17.000000000000014,0.0,7.0,8.0
cem,normal,40009,8,1.0,5.0,16.0,4845.0,13.599999999999994,0.0,8.0,9.0
cem,normal,40009,9,1.0,5.0,20.0,4555.0,12.799999999999983,0.0,8.0,9.0
cem,normal,40009,10,1.0,5.0,16.0,4675.0,15.5,0.0,6.0,9.0
cem,normal,40009,11,1.0,5.0,19.0,4320.0,18.400000000000006,0.0,6.0,9.0
cem,normal,40009,12,1.0,5.0,18.0,4470.0,18.30000000000001,0.0,6.0,9.0
cem,normal,40009,13,1.0,5.0,20.0,4035.0,34.19999999999999,0.0,6.0,9.0
cem,normal,40010,0,1.0,3.0,4.0,550.0,9.3,0.0,0.0,3.0
cem,normal,40010,1,1.0,3.0,5.0,650.0,16.599999999999998,0.0,0.0,4.0
cem,normal,40010,2,1.0,5.0,15.0,3845.0,13.800000000000004,0.0,5.0,6.0
cem,normal,40010,3,1.0,5.0,16.0,3765.0,26.799999999999997,0.0,5.0,6.0
cem,normal,40010,4,1.0,5.0,17.0,4425.0,15.799999999999997,0.0,7.0,7.0
cem,normal,40010,5,1.0,5.0,23.0,4150.0,35.7,0.0,7.0,7.0
cem,normal,40010,6,1.0,5.0,22.0,4875.0,20.900000000000006,0.0,8.0,8.0
cem,normal,40010,7,1.0,5.0,22.0,4320.0,28.0,0.0,7.0,8.0
cem,normal,40010,8,1.0,5.0,17.0,4360.0,24.099999999999994,0.0,7.0,9.0
cem,normal,40010,9,1.0,5.0,22.0,4655.0,17.900000000000006,0.0,7.0,9.0
cem,normal,40010,10,1.0,5.0,20.0,4445.0,18.900000000000006,0.0,6.0,9.0
cem,normal,40010,11,1.0,5.0,21.0,4340.0,26.099999999999994,0.0,6.0,9.0
cem,normal,40010,12,1.0,5.0,18.0,4430.0,17.299999999999983,0.0,8.0,9.0
cem,normal,40010,13,1.0,5.0,19.0,4655.0,17.0,0.0,8.0,9.0
cem,normal,40011,0,1.0,3.0,4.0,550.0,11.1,0.0,0.0,3.0
cem,normal,40011,1,1.0,3.0,5.0,650.0,10.000000000000002,0.0,0.0,4.0
cem,normal,40011,2,1.0,5.0,15.0,3665.0,21.4,0.0,5.0,6.0
cem,normal,40011,3,1.0,5.0,12.0,4005.0,12.299999999999997,0.0,6.0,6.0
cem,normal,40011,4,1.0,5.0,15.0,4595.0,18.700000000000003,0.0,6.0,7.0
cem,normal,40011,5,1.0,5.0,18.0,4195.0,23.700000000000003,0.0,7.0,7.0
cem,normal,40011,6,1.0,5.0,19.0,4315.0,30.999999999999986,0.0,7.0,8.0
cem,normal,40011,7,1.0,5.0,20.0,4540.0,16.100000000000023,0.0,8.0,8.0
cem,normal,40011,8,1.0,5.0,17.0,4525.0,15.099999999999994,0.0,6.0,9.0
cem,normal,40011,9,1.0,5.0,22.0,4665.0,16.900000000000006,0.0,8.0,9.0
cem,normal,40011,10,1.0,5.0,21.0,4465.0,16.0,0.0,6.0,9.0
cem,normal,40011,11,1.0,5.0,18.0,4640.0,21.899999999999977,0.0,8.0,9.0
cem,normal,40011,12,1.0,5.0,18.0,4465.0,11.400000000000006,0.0,7.0,9.0
cem,normal,40011,13,1.0,5.0,20.0,4615.0,21.099999999999994,0.0,7.0,9.0
cem,normal,40012,0,1.0,3.0,4.0,550.0,9.7,0.0,0.0,3.0
cem,normal,40012,1,1.0,3.0,5.0,650.0,8.100000000000001,0.0,0.0,4.0
cem,normal,40012,2,1.0,4.0,18.0,3915.0,16.8,0.0,6.0,6.0
cem,normal,40012,3,1.0,5.0,16.0,3675.0,15.699999999999996,0.0,4.0,6.0
cem,normal,40012,4,1.0,5.0,17.0,4245.0,33.2,0.0,7.0,7.0
cem,normal,40012,5,1.0,5.0,18.0,4005.0,17.0,0.0,6.0,7.0
cem,normal,40012,6,1.0,5.0,21.0,4345.0,23.099999999999994,0.0,8.0,8.0
cem,normal,40012,7,1.0,5.0,21.0,4480.0,22.599999999999994,0.0,7.0,8.0
cem,normal,40012,8,1.0,5.0,18.0,4070.0,23.900000000000006,0.0,5.0,9.0
cem,normal,40012,9,1.0,5.0,20.0,4570.0,18.200000000000017,0.0,7.0,9.0
cem,normal,40012,10,1.0,5.0,20.0,4455.0,22.19999999999999,0.0,7.0,9.0
cem,normal,40012,11,1.0,5.0,21.0,4410.0,14.400000000000006,0.0,6.0,9.0
cem,normal,40012,12,1.0,5.0,18.0,4640.0,11.900000000000006,0.0,6.0,9.0
cem,normal,40012,13,1.0,5.0,15.0,4260.0,19.099999999999994,0.0,6.0,9.0
cem,normal,40013,0,1.0,3.0,4.0,550.0,8.8,0.0,0.0,3.0
cem,normal,40013,1,1.0,3.0,5.0,650.0,9.899999999999999,0.0,0.0,4.0
cem,normal,40013,2,1.0,5.0,14.0,3585.0,14.400000000000002,0.0,5.0,6.0
cem,normal,40013,3,1.0,5.0,18.0,4225.0,15.199999999999996,0.0,6.0,6.0
cem,normal,40013,4,1.0,5.0,15.0,4140.0,16.299999999999997,0.0,6.0,7.0
cem,normal,40013,5,1.0,5.0,22.0,3985.0,19.10000000000001,0.0,7.0,7.0
cem,normal,40013,6,1.0,5.0,17.0,4135.0,19.799999999999997,0.0,6.0,8.0
cem,normal,40013,7,1.0,5.0,17.0,4685.0,14.200000000000003,0.0,7.0,8.0
cem,normal,40013,8,1.0,5.0,19.0,4430.0,17.799999999999997,0.0,7.0,9.0
cem,normal,40013,9,1.0,5.0,20.0,4870.0,18.099999999999994,0.0,7.0,9.0
cem,normal,40013,10,1.0,5.0,19.0,4540.0,16.0,0.0,8.0,9.0
cem,normal,40013,11,1.0,5.0,20.0,4480.0,22.599999999999994,0.0,6.0,9.0
cem,normal,40013,12,1.0,5.0,19.0,4515.0,21.100000000000023,0.0,7.0,9.0
cem,normal,40013,13,1.0,5.0,18.0,4205.0,22.19999999999999,0.0,6.0,9.0
cem,normal,40014,0,1.0,3.0,4.0,550.0,6.8,0.0,0.0,3.0
cem,normal,40014,1,1.0,3.0,5.0,650.0,6.3999999999999995,0.0,0.0,4.0
cem,normal,40014,2,1.0,4.0,14.0,3325.0,15.900000000000002,0.0,5.0,6.0
cem,normal,40014,3,1.0,5.0,19.0,4665.0,16.299999999999997,0.0,7.0,6.0
cem,normal,40014,4,1.0,5.0,22.0,5035.0,19.6,0.0,8.0,7.0
cem,normal,40014,5,1.0,5.0,17.0,4105.0,27.400000000000006,0.0,7.0,7.0
cem,normal,40014,6,1.0,5.0,20.0,4300.0,25.299999999999997,0.0,6.0,8.0
cem,normal,40014,7,1.0,5.0,18.0,4240.0,16.89999999999999,0.0,8.0,8.0
cem,normal,40014,8,1.0,5.0,17.0,4345.0,13.099999999999994,0.0,6.0,9.0
cem,normal,40014,9,1.0,5.0,19.0,4245.0,23.80000000000001,0.0,6.0,9.0
cem,normal,40014,10,1.0,5.0,21.0,4505.0,22.599999999999994,0.0,7.0,9.0
cem,normal,40014,11,1.0,5.0,22.0,4485.0,19.0,0.0,7.0,9.0
cem,normal,40014,12,1.0,5.0,19.0,4380.0,22.30000000000001,0.0,6.0,9.0
cem,normal,40014,13,1.0,5.0,21.0,4515.0,21.900000000000006,0.0,8.0,9.0
cem,normal,40015,0,1.0,3.0,4.0,550.0,7.5,0.0,0.0,3.0
cem,normal,40015,1,1.0,3.0,5.0,650.0,9.899999999999999,0.0,0.0,4.0
cem,normal,40015,2,1.0,4.0,16.0,3485.0,14.600000000000001,0.0,6.0,6.0
cem,normal,40015,3,1.0,5.0,15.0,3995.0,23.299999999999997,0.0,6.0,6.0
cem,normal,40015,4,1.0,5.0,17.0,4375.0,15.299999999999997,0.0,8.0,7.0
cem,normal,40015,5,1.0,5.0,18.0,4130.0,27.400000000000006,0.0,6.0,7.0
cem,normal,40015,6,1.0,5.0,21.0,4805.0,17.799999999999997,0.0,8.0,8.0
cem,normal,40015,7,1.0,5.0,19.0,4125.0,15.200000000000003,0.0,8.0,8.0
cem,normal,40015,8,1.0,5.0,24.0,4185.0,44.599999999999994,0.0,7.0,9.0
cem,normal,40015,9,1.0,5.0,19.0,4320.0,23.900000000000006,0.0,6.0,9.0
cem,normal,40015,10,1.0,5.0,21.0,4555.0,17.099999999999994,0.0,7.0,9.0
cem,normal,40015,11,1.0,5.0,21.0,4175.0,20.5,0.0,7.0,9.0
cem,normal,40015,12,1.0,5.0,19.0,4500.0,20.50000000000003,0.0,6.0,9.0
cem,normal,40015,13,1.0,5.0,19.0,4385.0,29.599999999999966,0.0,8.0,9.0
cem,normal,40016,0,1.0,3.0,4.0,550.0,8.8,0.0,0.0,3.0
cem,normal,40016,1,1.0,3.0,5.0,650.0,15.0,0.0,0.0,4.0
cem,normal,40016,2,1.0,4.0,13.0,3245.0,22.999999999999996,0.0,4.0,6.0
cem,normal,40016,3,1.0,5.0,18.0,4100.0,15.0,0.0,7.0,6.0
cem,normal,40016,4,1.0,5.0,19.0,4300.0,15.400000000000006,0.0,6.0,7.0
cem,normal,40016,5,1.0,5.0,17.0,4185.0,14.599999999999994,0.0,5.0,7.0
cem,normal,40016,6,1.0,5.0,19.0,4500.0,15.200000000000003,0.0,7.0,8.0
cem,normal,40016,7,1.0,5.0,20.0,4490.0,16.400000000000006,0.0,7.0,8.0
cem,normal,40016,8,1.0,5.0,18.0,4130.0,27.5,0.0,6.0,9.0
cem,normal,40016,9,1.0,5.0,22.0,4350.0,20.900000000000006,0.0,7.0,9.0
cem,normal,40016,10,1.0,5.0,23.0,4560.0,34.099999999999994,0.0,8.0,9.0
cem,normal,40016,11,1.0,5.0,21.0,4915.0,16.900000000000006,0.0,8.0,9.0
cem,normal,40016,12,1.0,5.0,22.0,4800.0,25.0,0.0,7.0,9.0
cem,normal,40016,13,1.0,5.0,19.0,4220.0,23.5,0.0,6.0,9.0
cem,normal,40017,0,1.0,3.0,4.0,550.0,8.8,0.0,0.0,3.0
cem,normal,40017,1,1.0,3.0,5.0,650.0,15.899999999999999,0.0,0.0,4.0
cem,normal,40017,2,1.0,5.0,16.0,3755.0,12.3,0.0,4.0,6.0
cem,normal,40017,3,1.0,5.0,17.0,3600.0,30.5,0.0,5.0,6.0
cem,normal,40017,4,1.0,5.0,20.0,4170.0,23.799999999999997,0.0,7.0,7.0
cem,normal,40017,5,1.0,5.0,19.0,4430.0,17.0,0.0,7.0,7.0
cem,normal,40017,6,1.0,5.0,20.0,4555.0,12.299999999999997,0.0,6.0,8.0
cem,normal,40017,7,1.0,5.0,21.0,4525.0,25.80000000000001,0.0,6.0,8.0
cem,normal,40017,8,1.0,5.0,25.0,4680.0,32.0,0.0,8.0,9.0
cem,normal,40017,9,1.0,5.0,23.0,4740.0,26.900000000000006,0.0,8.0,9.0
cem,normal,40017,10,1.0,5.0,20.0,4300.0,15.399999999999977,0.0,8.0,9.0
cem,normal,40017,11,1.0,5.0,19.0,4625.0,10.5,0.0,6.0,9.0
cem,normal,40017,12,1.0,5.0,22.0,4420.0,28.400000000000034,0.0,8.0,9.0
cem,normal,40017,13,1.0,5.0,21.0,4635.0,19.0,0.0,8.0,9.0
cem,normal,40018,0,1.0,3.0,4.0,550.0,12.9,0.0,0.0,3.0
cem,normal,40018,1,1.0,3.0,5.0,650.0,18.0,0.0,0.0,4.0
cem,normal,40018,2,1.0,5.0,16.0,4065.0,21.1,0.0,6.0,6.0
cem,normal,40018,3,1.0,5.0,14.0,3740.0,16.900000000000006,0.0,5.0,6.0
cem,normal,40018,4,1.0,5.0,20.0,4480.0,22.0,0.0,7.0,7.0
cem,normal,40018,5,1.0,5.0,16.0,4095.0,13.099999999999994,0.0,6.0,7.0
cem,normal,40018,6,1.0,5.0,19.0,4790.0,21.0,0.0,7.0,8.0
cem,normal,40018,7,1.0,5.0,17.0,4220.0,13.199999999999989,0.0,5.0,8.0
cem,normal,40018,8,1.0,5.0,22.0,4800.0,15.600000000000023,0.0,7.0,9.0
cem,normal,40018,9,1.0,5.0,21.0,4375.0,20.0,0.0,6.0,9.0
cem,normal,40018,10,1.0,5.0,17.0,4480.0,17.69999999999999,0.0,8.0,9.0
cem,normal,40018,11,1.0,5.0,21.0,4905.0,17.80000000000001,0.0,8.0,9.0
cem,normal,40018,12,1.0,5.0,18.0,4380.0,17.0,0.0,6.0,9.0
cem,normal,40018,13,1.0,5.0,18.0,4765.0,21.69999999999999,0.0,8.0,9.0
cem,normal,40019,0,1.0,3.0,4.0,550.0,9.9,0.0,0.0,3.0
cem,normal,40019,1,1.0,3.0,5.0,650.0,8.200000000000001,0.0,0.0,4.0
cem,normal,40019,2,1.0,4.0,13.0,3195.0,13.2,0.0,4.0,6.0
cem,normal,40019,3,1.0,5.0,18.0,3880.0,17.099999999999998,0.0,7.0,6.0
cem,normal,40019,4,1.0,5.0,19.0,4640.0,16.500000000000007,0.0,7.0,7.0
cem,normal,40019,5,1.0,5.0,20.0,4390.0,26.599999999999994,0.0,6.0,7.0
cem,normal,40019,6,1.0,5.0,16.0,4205.0,12.5,0.0,7.0,8.0
cem,normal,40019,7,1.0,5.0,20.0,4530.0,27.30000000000001,0.0,8.0,8.0
cem,normal,40019,8,1.0,5.0,16.0,4145.0,23.799999999999983,0.0,6.0,9.0
cem,normal,40019,9,1.0,5.0,16.0,4500.0,25.200000000000017,0.0,7.0,9.0
cem,normal,40019,10,1.0,5.0,23.0,4805.0,25.799999999999983,0.0,7.0,9.0
cem,normal,40019,11,1.0,5.0,22.0,4440.0,21.0,0.0,6.0,9.0
cem,normal,40019,12,1.0,5.0,20.0,4455.0,22.599999999999994,0.0,8.0,9.0
cem,normal,40019,13,1.0,5.0,18.0,4455.0,17.19999999999999,0.0,6.0,9.0
cem,normal,40020,0,1.0,3.0,4.0,550.0,10.3,0.0,0.0,3.0
cem,normal,40020,1,1.0,3.0,5.0,650.0,7.599999999999998,0.0,0.0,4.0
cem,normal,40020,2,1.0,5.0,15.0,3900.0,20.0,0.0,6.0,6.0
cem,normal,40020,3,1.0,5.0,17.0,4255.0,12.5,0.0,7.0,6.0
cem,normal,40020,4,1.0,5.0,22.0,4595.0,23.699999999999996,0.0,8.0,7.0
cem,normal,40020,5,1.0,5.0,17.0,4155.0,17.200000000000003,0.0,5.0,7.0
cem,normal,40020,6,1.0,5.0,18.0,4310.0,19.5,0.0,6.0,8.0
cem,normal,40020,7,1.0,5.0,20.0,4570.0,28.700000000000003,0.0,7.0,8.0
cem,normal,40020,8,1.0,5.0,20.0,5080.0,18.099999999999994,0.0,8.0,9.0
cem,normal,40020,9,1.0,5.0,21.0,4535.0,29.700000000000017,0.0,7.0,9.0
cem,normal,40020,10,1.0,5.0,19.0,4190.0,31.099999999999994,0.0,7.0,9.0
cem,normal,40020,11,1.0,5.0,19.0,4385.0,14.299999999999983,0.0,6.0,9.0
cem,normal,40020,12,1.0,5.0,19.0,4815.0,16.80000000000001,0.0,8.0,9.0
cem,normal,40020,13,1.0,5.0,22.0,4440.0,21.69999999999999,0.0,6.0,9.0
cem,normal,40021,0,1.0,3.0,4.0,550.0,13.1,0.0,0.0,3.0
cem,normal,40021,1,1.0,3.0,5.0,650.0,12.1,0.0,0.0,4.0
cem,normal,40021,2,1.0,4.0,15.0,3515.0,11.099999999999998,0.0,4.0,6.0
cem,normal,40021,3,1.0,5.0,12.0,3575.0,10.600000000000001,0.0,5.0,6.0
cem,normal,40021,4,1.0,5.0,19.0,4755.0,17.199999999999996,0.0,8.0,7.0
cem,normal,40021,5,1.0,5.0,19.0,4390.0,26.700000000000003,0.0,8.0,7.0
cem,normal,40021,6,1.0,5.0,17.0,4345.0,18.200000000000003,0.0,8.0,8.0
cem,normal,40021,7,1.0,5.0,23.0,4880.0,17.5,0.0,8.0,8.0
cem,normal,40021,8,1.0,5.0,24.0,4850.0,15.800000000000011,0.0,7.0,9.0
cem,normal,40021,9,1.0,5.0,21.0,4490.0,11.399999999999977,0.0,8.0,9.0
cem,normal,40021,10,1.0,5.0,21.0,4765.0,21.700000000000017,0.0,8.0,9.0
cem,normal,40021,11,1.0,5.0,20.0,4510.0,14.299999999999983,0.0,6.0,9.0
cem,normal,40021,12,1.0,5.0,18.0,4565.0,26.100000000000023,0.0,6.0,9.0
cem,normal,40021,13,1.0,5.0,19.0,4530.0,17.299999999999983,0.0,6.0,9.0
cem,normal,40022,0,1.0,3.0,4.0,550.0,9.5,0.0,0.0,3.0
cem,normal,40022,1,1.0,3.0,5.0,650.0,9.5,0.0,0.0,4.0
cem,normal,40022,2,1.0,5.0,18.0,3650.0,15.600000000000001,0.0,5.0,6.0
cem,normal,40022,3,1.0,5.0,16.0,4075.0,20.699999999999996,0.0,7.0,6.0
cem,normal,40022,4,1.0,5.0,21.0,4075.0,30.0,0.0,6.0,7.0
cem,normal,40022,5,1.0,5.0,20.0,4205.0,17.10000000000001,0.0,7.0,7.0
cem,normal,40022,6,1.0,5.0,19.0,4240.0,21.799999999999997,0.0,6.0,8.0
cem,normal,40022,7,1.0,5.0,19.0,4500.0,15.700000000000003,0.0,8.0,8.0
cem,normal,40022,8,1.0,5.0,17.0,4260.0,14.5,0.0,6.0,9.0
cem,normal,40022,9,1.0,5.0,20.0,4180.0,37.69999999999999,0.0,7.0,9.0
cem,normal,40022,10,1.0,5.0,21.0,4520.0,28.200000000000017,0.0,6.0,9.0
cem,normal,40022,11,1.0,5.0,18.0,4405.0,17.399999999999977,0.0,7.0,9.0
cem,normal,40022,12,1.0,5.0,26.0,4910.0,14.900000000000006,0.0,8.0,9.0
cem,normal,40022,13,1.0,5.0,21.0,4620.0,28.50000000000003,0.0,6.0,9.0
cem,normal,40023,0,1.0,3.0,4.0,550.0,10.7,0.0,0.0,3.0
cem,normal,40023,1,1.0,3.0,5.0,650.0,8.8,0.0,0.0,4.0
cem,normal,40023,2,1.0,5.0,19.0,3980.0,22.4,0.0,6.0,6.0
cem,normal,40023,3,1.0,5.0,10.0,3450.0,5.700000000000003,0.0,1.0,6.0
cem,normal,40023,4,1.0,5.0,21.0,4450.0,20.300000000000004,0.0,8.0,7.0
cem,normal,40023,5,1.0,5.0,20.0,4225.0,15.899999999999991,0.0,6.0,7.0
cem,normal,40023,6,1.0,5.0,18.0,4530.0,17.60000000000001,0.0,8.0,8.0
cem,normal,40023,7,1.0,5.0,22.0,4980.0,22.89999999999999,0.0,8.0,8.0
cem,normal,40023,8,1.0,5.0,19.0,4290.0,26.500000000000014,0.0,6.0,9.0
cem,normal,40023,9,1.0,5.0,19.0,4205.0,22.5,0.0,7.0,9.0
cem,normal,40023,10,1.0,5.0,21.0,4200.0,20.899999999999977,0.0,7.0,9.0
cem,normal,40023,11,1.0,5.0,23.0,4070.0,28.80000000000001,0.0,7.0,9.0
cem,normal,40023,12,1.0,5.0,16.0,4485.0,19.400000000000006,0.0,6.0,9.0
cem,normal,40023,13,1.0,5.0,20.0,4375.0,15.799999999999983,0.0,7.0,9.0
cem,normal,40024,0,1.0,3.0,4.0,550.0,10.7,0.0,0.0,3.0
cem,normal,40024,1,1.0,3.0,5.0,650.0,19.3,0.0,0.0,4.0
cem,normal,40024,2,1.0,4.0,15.0,3600.0,10.399999999999999,0.0,5.0,6.0
cem,normal,40024,3,1.0,5.0,18.0,4185.0,14.5,0.0,7.0,6.0
cem,normal,40024,4,1.0,5.0,16.0,4525.0,15.800000000000004,0.0,8.0,7.0
cem,normal,40024,5,1.0,5.0,16.0,4030.0,22.799999999999997,0.0,7.0,7.0
cem,normal,40024,6,1.0,5.0,21.0,4610.0,14.099999999999994,0.0,8.0,8.0
cem,normal,40024,7,1.0,5.0,18.0,4485.0,19.80000000000001,0.0,6.0,8.0
cem,normal,40024,8,1.0,5.0,20.0,4695.0,13.099999999999994,0.0,7.0,9.0
cem,normal,40024,9,1.0,5.0,23.0,4635.0,19.5,0.0,8.0,9.0
cem,normal,40024,10,1.0,5.0,21.0,4545.0,38.30000000000001,0.0,7.0,9.0
cem,normal,40024,11,1.0,5.0,17.0,4350.0,25.19999999999999,0.0,6.0,9.0
cem,normal,40024,12,1.0,5.0,19.0,4355.0,17.0,0.0,7.0,9.0
cem,normal,40024,13,1.0,5.0,17.0,4385.0,14.300000000000011,0.0,6.0,9.0
cem,normal,40025,0,1.0,3.0,4.0,550.0,15.9,0.0,0.0,3.0
cem,normal,40025,1,1.0,3.0,5.0,650.0,15.499999999999998,0.0,0.0,4.0
cem,normal,40025,2,1.0,4.0,14.0,3645.0,13.300000000000004,0.0,5.0,6.0
cem,normal,40025,3,1.0,5.0,20.0,4100.0,15.5,0.0,7.0,6.0
cem,normal,40025,4,1.0,5.0,18.0,4370.0,18.099999999999994,0.0,7.0,7.0
cem,normal,40025,5,1.0,5.0,17.0,3880.0,12.700000000000003,0.0,6.0,7.0
cem,normal,40025,6,1.0,5.0,18.0,4180.0,17.799999999999997,0.0,6.0,8.0
cem,normal,40025,7,1.0,5.0,20.0,4425.0,15.5,0.0,8.0,8.0
cem,normal,40025,8,1.0,5.0,23.0,4730.0,36.500000000000014,0.0,7.0,9.0
cem,normal,40025,9,1.0,5.0,26.0,4515.0,16.5,0.0,8.0,9.0
cem,normal,40025,10,1.0,5.0,24.0,4295.0,33.19999999999999,0.0,8.0,9.0
cem,normal,40025,11,1.0,5.0,22.0,4440.0,16.19999999999999,0.0,8.0,9.0
cem,normal,40025,12,1.0,5.0,19.0,4510.0,19.600000000000023,0.0,6.0,9.0
cem,normal,40025,13,1.0,5.0,18.0,4250.0,20.80000000000001,0.0,7.0,9.0
cem,normal,40026,0,1.0,3.0,4.0,550.0,9.7,0.0,0.0,3.0
cem,normal,40026,1,1.0,3.0,5.0,650.0,6.400000000000002,0.0,0.0,4.0
cem,normal,40026,2,1.0,5.0,15.0,3595.0,13.7,0.0,4.0,6.0
cem,normal,40026,3,1.0,5.0,14.0,3770.0,18.3,0.0,5.0,6.0
cem,normal,40026,4,1.0,5.0,22.0,3930.0,42.49999999999999,0.0,8.0,7.0
cem,normal,40026,5,1.0,5.0,18.0,4320.0,28.400000000000006,0.0,7.0,7.0
cem,normal,40026,6,1.0,5.0,23.0,4500.0,15.300000000000011,0.0,7.0,8.0
cem,normal,40026,7,1.0,5.0,20.0,4175.0,30.299999999999983,0.0,6.0,8.0
cem,normal,40026,8,1.0,5.0,22.0,4735.0,24.5,0.0,8.0,9.0
cem,normal,40026,9,1.0,5.0,22.0,4300.0,20.700000000000017,0.0,6.0,9.0
cem,normal,40026,10,1.0,5.0,19.0,4190.0,16.599999999999994,0.0,7.0,9.0
cem,normal,40026,11,1.0,5.0,24.0,4390.0,36.099999999999994,0.0,7.0,9.0
cem,normal,40026,12,1.0,5.0,20.0,4430.0,17.100000000000023,0.0,6.0,9.0
cem,normal,40026,13,1.0,5.0,18.0,4655.0,12.5,0.0,6.0,9.0
cem,normal,40027,0,1.0,3.0,4.0,550.0,10.1,0.0,0.0,3.0
cem,normal,40027,1,1.0,3.0,5.0,650.0,22.1,0.0,0.0,4.0
cem,normal,40027,2,1.0,5.0,15.0,3460.0,19.699999999999996,0.0,4.0,6.0
cem,normal,40027,3,1.0,5.0,16.0,4105.0,12.800000000000004,0.0,6.0,6.0
cem,normal,40027,4,1.0,5.0,19.0,4160.0,29.099999999999994,0.0,7.0,7.0
cem,normal,40027,5,1.0,5.0,19.0,4595.0,18.200000000000003,0.0,8.0,7.0
cem,normal,40027,6,1.0,5.0,18.0,4495.0,18.599999999999994,0.0,7.0,8.0
cem,normal,40027,7,1.0,5.0,18.0,4750.0,20.0,0.0,8.0,8.0
cem,normal,40027,8,1.0,5.0,18.0,4775.0,25.700000000000017,0.0,8.0,9.0
cem,normal,40027,9,1.0,5.0,21.0,4470.0,18.299999999999983,0.0,7.0,9.0
cem,normal,40027,10,1.0,5.0,16.0,4260.0,24.599999999999994,0.0,6.0,9.0
cem,normal,40027,11,1.0,5.0,23.0,4570.0,13.800000000000011,0.0,7.0,9.0
cem,normal,40027,12,1.0,5.0,19.0,4440.0,26.600000000000023,0.0,7.0,9.0
cem,normal,40027,13,1.0,5.0,21.0,4455.0,17.599999999999966,0.0,6.0,9.0
cem,normal,40028,0,1.0,3.0,4.0,550.0,6.7,0.0,0.0,3.0
cem,normal,40028,1,1.0,3.0,5.0,650.0,8.600000000000001,0.0,0.0,4.0
cem,normal,40028,2,1.0,4.0,14.0,3475.0,15.399999999999999,0.0,4.0,6.0
cem,normal,40028,3,1.0,5.0,19.0,4165.0,11.400000000000002,0.0,7.0,6.0
cem,normal,40028,4,1.0,5.0,22.0,4450.0,25.6,0.0,8.0,7.0
cem,normal,40028,5,1.0,5.0,20.0,4355.0,27.0,0.0,8.0,7.0
cem,normal,40028,6,1.0,5.0,20.0,4785.0,14.899999999999991,0.0,8.0,8.0
cem,normal,40028,7,1.0,5.0,20.0,4185.0,24.700000000000017,0.0,6.0,8.0
cem,normal,40028,8,1.0,5.0,24.0,4950.0,20.599999999999994,0.0,8.0,9.0
cem,normal,40028,9,1.0,5.0,23.0,4360.0,29.69999999999999,0.0,8.0,9.0
cem,normal,40028,10,1.0,5.0,22.0,4620.0,28.400000000000006,0.0,8.0,9.0
cem,normal,40028,11,1.0,5.0,21.0,4350.0,15.599999999999994,0.0,7.0,9.0
cem,normal,40028,12,1.0,5.0,20.0,4585.0,24.200000000000017,0.0,7.0,9.0
cem,normal,40028,13,1.0,5.0,15.0,4125.0,15.800000000000011,0.0,6.0,9.0
cem,normal,40029,0,1.0,3.0,4.0,550.0,9.1,0.0,0.0,3.0
cem,normal,40029,1,1.0,3.0,5.0,650.0,9.500000000000002,0.0,0.0,4.0
cem,normal,40029,2,1.0,4.0,15.0,3435.0,19.9,0.0,6.0,6.0
cem,normal,40029,3,1.0,5.0,20.0,4260.0,24.5,0.0,7.0,6.0
cem,normal,40029,4,1.0,5.0,20.0,4555.0,17.700000000000003,0.0,8.0,7.0
cem,normal,40029,5,1.0,5.0,20.0,4290.0,16.200000000000003,0.0,8.0,7.0
cem,normal,40029,6,1.0,5.0,17.0,4220.0,13.099999999999994,0.0,6.0,8.0
cem,normal,40029,7,1.0,5.0,23.0,4790.0,26.80000000000001,0.0,8.0,8.0
cem,normal,40029,8,1.0,5.0,20.0,4290.0,21.599999999999994,0.0,6.0,9.0
cem,normal,40029,9,1.0,5.0,22.0,4635.0,29.19999999999999,0.0,7.0,9.0
cem,normal,40029,10,1.0,5.0,18.0,3980.0,22.5,0.0,6.0,9.0
cem,normal,40029,11,1.0,5.0,23.0,4720.0,14.400000000000006,0.0,7.0,9.0
cem,normal,40029,12,1.0,5.0,23.0,4705.0,12.900000000000006,0.0,7.0,9.0
cem,normal,40029,13,1.0,5.0,22.0,5010.0,25.700000000000017,0.0,8.0,9.0
cem,normal,40030,0,1.0,3.0,4.0,550.0,9.2,0.0,0.0,3.0
cem,normal,40030,1,1.0,3.0,5.0,650.0,9.3,0.0,0.0,4.0
cem,normal,40030,2,1.0,4.0,16.0,3550.0,15.5,0.0,5.0,6.0
cem,normal,40030,3,1.0,5.0,20.0,4125.0,15.399999999999999,0.0,7.0,6.0
cem,normal,40030,4,1.0,5.0,18.0,4150.0,15.899999999999999,0.0,8.0,7.0
cem,normal,40030,5,1.0,5.0,21.0,4410.0,14.700000000000003,0.0,8.0,7.0
cem,normal,40030,6,1.0,5.0,19.0,4550.0,20.900000000000006,0.0,6.0,8.0
cem,normal,40030,7,1.0,5.0,19.0,4475.0,15.0,0.0,8.0,8.0
cem,normal,40030,8,1.0,5.0,23.0,4735.0,24.19999999999999,0.0,8.0,9.0
cem,normal,40030,9,1.0,5.0,18.0,4520.0,38.30000000000001,0.0,8.0,9.0
cem,normal,40030,10,1.0,5.0,18.0,4175.0,20.5,0.0,6.0,9.0
cem,normal,40030,11,1.0,5.0,21.0,4710.0,24.400000000000006,0.0,7.0,9.0
cem,normal,40030,12,1.0,5.0,21.0,4875.0,15.099999999999994,0.0,8.0,9.0
cem,normal,40030,13,1.0,5.0,22.0,4685.0,14.0,0.0,7.0,9.0
cem,normal,40031,0,1.0,3.0,4.0,550.0,8.9,0.0,0.0,3.0
cem,normal,40031,1,1.0,3.0,5.0,650.0,24.200000000000003,0.0,0.0,4.0
cem,normal,40031,2,1.0,5.0,16.0,4040.0,21.5,0.0,6.0,6.0
cem,normal,40031,3,1.0,5.0,18.0,4260.0,24.699999999999996,0.0,7.0,6.0
cem,normal,40031,4,1.0,5.0,19.0,4140.0,16.0,0.0,6.0,7.0
cem,normal,40031,5,1.0,5.0,19.0,4275.0,30.799999999999997,0.0,7.0,7.0
cem,normal,40031,6,1.0,5.0,19.0,4460.0,14.700000000000017,0.0,7.0,8.0
cem,normal,40031,7,1.0,5.0,16.0,4395.0,13.699999999999989,0.0,6.0,8.0
cem,normal,40031,8,1.0,5.0,21.0,4130.0,32.599999999999994,0.0,7.0,9.0
cem,normal,40031,9,1.0,5.0,22.0,4720.0,18.900000000000006,0.0,6.0,9.0
cem,normal,40031,10,1.0,5.0,16.0,4495.0,13.400000000000006,0.0,6.0,9.0
cem,normal,40031,11,1.0,5.0,18.0,4435.0,24.5,0.0,6.0,9.0
cem,normal,40031,12,1.0,5.0,21.0,4555.0,36.599999999999994,0.0,7.0,9.0
cem,normal,40031,13,1.0,5.0,20.0,4595.0,23.5,0.0,7.0,9.0
cem,hard,40000,0,1.0,2.0,4.0,550.0,11.9,0.0,0.0,3.0
cem,hard,40000,1,1.0,2.0,5.0,650.0,14.9,0.0,0.0,4.0
cem,hard,40000,2,1.0,3.0,16.0,3065.0,16.099999999999998,0.0,5.0,6.0
cem,hard,40000,3,1.0,5.0,15.0,3285.0,14.899999999999999,0.0,6.0,6.0
cem,hard,40000,4,1.0,5.0,18.0,4435.0,19.299999999999997,0.0,7.0,7.0
cem,hard,40000,5,1.0,5.0,20.0,4430.0,12.700000000000003,0.0,8.0,7.0
cem,hard,40000,6,1.0,5.0,18.0,4075.0,25.200000000000003,0.0,7.0,8.0
cem,hard,40000,7,1.0,5.0,16.0,4105.0,17.0,0.0,7.0,8.0
cem,hard,40000,8,1.0,5.0,23.0,4265.0,16.69999999999999,0.0,7.0,9.0
cem,hard,40000,9,1.0,5.0,18.0,4045.0,18.30000000000001,0.0,6.0,9.0
cem,hard,40000,10,1.0,5.0,20.0,4305.0,22.599999999999994,0.0,6.0,9.0
cem,hard,40000,11,1.0,5.0,20.0,3890.0,16.0,0.0,6.0,9.0
cem,hard,40000,12,1.0,5.0,18.0,4010.0,14.5,0.0,7.0,9.0
cem,hard,40000,13,1.0,5.0,24.0,4400.0,15.700000000000017,0.0,7.0,9.0
cem,hard,40001,0,1.0,2.0,4.0,550.0,9.7,0.0,0.0,3.0
cem,hard,40001,1,1.0,2.0,5.0,650.0,14.3,0.0,0.0,4.0
cem,hard,40001,2,1.0,4.0,13.0,2940.0,16.9,0.0,4.0,6.0
cem,hard,40001,3,1.0,5.0,15.0,3320.0,13.899999999999999,0.0,5.0,6.0
cem,hard,40001,4,1.0,5.0,22.0,4355.0,22.0,0.0,8.0,7.0
cem,hard,40001,5,1.0,5.0,19.0,3955.0,17.299999999999997,0.0,7.0,7.0
cem,hard,40001,6,1.0,5.0,18.0,4140.0,11.5,0.0,6.0,8.0
cem,hard,40001,7,1.0,5.0,21.0,4035.0,19.5,0.0,7.0,8.0
cem,hard,40001,8,1.0,5.0,19.0,4055.0,22.599999999999994,0.0,6.0,9.0
cem,hard,40001,9,1.0,5.0,21.0,4020.0,13.900000000000006,0.0,6.0,9.0
cem,hard,40001,10,1.0,5.0,20.0,4230.0,27.30000000000001,0.0,6.0,9.0
cem,hard,40001,11,1.0,5.0,19.0,4155.0,32.599999999999994,0.0,7.0,9.0
cem,hard,40001,12,1.0,5.0,20.0,4535.0,14.599999999999994,0.0,7.0,9.0
cem,hard,40001,13,1.0,5.0,21.0,3995.0,38.900000000000006,0.0,6.0,9.0
cem,hard,40002,0,1.0,2.0,4.0,550.0,9.5,0.0,0.0,3.0
cem,hard,40002,1,1.0,2.0,5.0,650.0,8.899999999999999,0.0,0.0,4.0
cem,hard,40002,2,1.0,4.0,15.0,3100.0,15.600000000000001,0.0,4.0,6.0
cem,hard,40002,3,1.0,5.0,16.0,3245.0,28.6,0.0,5.0,6.0
cem,hard,40002,4,1.0,5.0,20.0,4065.0,25.999999999999993,0.0,7.0,7.0
cem,hard,40002,5,1.0,5.0,16.0,3675.0,10.800000000000011,0.0,6.0,7.0
cem,hard,40002,6,1.0,5.0,19.0,3930.0,12.5,0.0,6.0,8.0
cem,hard,40002,7,1.0,5.0,22.0,4560.0,19.400000000000006,0.0,8.0,8.0
cem,hard,40002,8,1.0,5.0,16.0,3920.0,13.0,0.0,6.0,9.0
cem,hard,40002,9,1.0,5.0,21.0,4225.0,35.5,0.0,8.0,9.0
cem,hard,40002,10,1.0,5.0,18.0,3875.0,35.19999999999999,0.0,8.0,9.0
cem,hard,40002,11,1.0,5.0,20.0,4100.0,20.400000000000006,0.0,5.0,9.0
cem,hard,40002,12,1.0,5.0,20.0,4270.0,18.19999999999999,0.0,8.0,9.0
cem,hard,40002,13,1.0,5.0,17.0,4275.0,15.200000000000017,0.0,8.0,9.0
cem,hard,40003,0,1.0,2.0,4.0,550.0,13.9,0.0,0.0,3.0
cem,hard,40003,1,1.0,2.0,5.0,650.0,16.299999999999997,0.0,0.0,4.0
cem,hard,40003,2,1.0,4.0,13.0,2865.0,31.099999999999998,0.0,4.0,6.0
cem,hard,40003,3,1.0,5.0,20.0,3750.0,35.8,0.0,7.0,6.0
cem,hard,40003,4,1.0,5.0,21.0,4445.0,18.60000000000001,0.0,7.0,7.0
cem,hard,40003,5,1.0,5.0,21.0,4435.0,24.299999999999997,0.0,8.0,7.0
cem,hard,40003,6,1.0,5.0,17.0,4285.0,19.099999999999994,0.0,8.0,8.0
cem,hard,40003,7,1.0,5.0,17.0,3950.0,15.599999999999994,0.0,6.0,8.0
cem,hard,40003,8,1.0,5.0,20.0,4490.0,21.900000000000006,0.0,7.0,9.0
cem,hard,40003,9,1.0,5.0,18.0,4025.0,15.700000000000017,0.0,6.0,9.0
cem,hard,40003,10,1.0,5.0,18.0,3715.0,11.0,0.0,5.0,9.0
cem,hard,40003,11,1.0,5.0,22.0,4090.0,36.19999999999999,0.0,6.0,9.0
cem,hard,40003,12,1.0,5.0,20.0,4145.0,28.399999999999977,0.0,6.0,9.0
cem,hard,40003,13,1.0,5.0,20.0,4285.0,29.80000000000001,0.0,6.0,9.0
cem,hard,40004,0,1.0,2.0,4.0,550.0,7.1,0.0,0.0,3.0
cem,hard,40004,1,1.0,2.0,5.0,650.0,13.500000000000002,0.0,0.0,4.0
cem,hard,40004,2,1.0,5.0,17.0,3385.0,19.4,0.0,5.0,6.0
cem,hard,40004,3,1.0,5.0,20.0,4000.0,20.6,0.0,7.0,6.0
cem,hard,40004,4,1.0,5.0,19.0,4105.0,22.4,0.0,8.0,7.0
cem,hard,40004,5,1.0,5.0,19.0,3725.0,20.900000000000006,0.0,6.0,7.0
cem,hard,40004,6,1.0,5.0,18.0,4095.0,23.799999999999997,0.0,8.0,8.0
cem,hard,40004,7,1.0,5.0,16.0,4130.0,12.600000000000009,0.0,7.0,8.0
cem,hard,40004,8,1.0,5.0,24.0,4375.0,15.599999999999994,0.0,7.0,9.0
cem,hard,40004,9,1.0,5.0,22.0,4465.0,26.69999999999999,0.0,7.0,9.0
cem,hard,40004,10,1.0,5.0,19.0,3975.0,15.800000000000011,0.0,6.0,9.0
cem,hard,40004,11,1.0,5.0,22.0,4480.0,22.599999999999994,0.0,8.0,9.0
cem,hard,40004,12,1.0,5.0,21.0,4605.0,22.599999999999994,0.0,8.0,9.0
cem,hard,40004,13,1.0,5.0,19.0,4480.0,17.50000000000003,0.0,8.0,9.0
cem,hard,40005,0,1.0,2.0,4.0,550.0,9.3,0.0,0.0,3.0
cem,hard,40005,1,1.0,2.0,5.0,650.0,12.599999999999998,0.0,0.0,4.0
cem,hard,40005,2,1.0,4.0,15.0,3025.0,30.5,0.0,6.0,6.0
cem,hard,40005,3,1.0,5.0,13.0,3575.0,15.300000000000004,0.0,6.0,6.0
cem,hard,40005,4,1.0,5.0,18.0,4245.0,13.700000000000003,0.0,7.0,7.0
cem,hard,40005,5,1.0,5.0,20.0,4385.0,19.799999999999997,0.0,7.0,7.0
cem,hard,40005,6,1.0,5.0,19.0,4395.0,13.899999999999991,0.0,7.0,8.0
cem,hard,40005,7,1.0,5.0,15.0,3675.0,20.400000000000006,0.0,7.0,8.0
cem,hard,40005,8,1.0,5.0,23.0,4515.0,21.19999999999999,0.0,8.0,9.0
cem,hard,40005,9,1.0,5.0,20.0,4160.0,19.5,0.0,6.0,9.0
cem,hard,40005,10,1.0,5.0,24.0,4480.0,17.0,0.0,8.0,9.0
cem,hard,40005,11,1.0,5.0,22.0,4450.0,15.100000000000023,0.0,8.0,9.0
cem,hard,40005,12,1.0,5.0,23.0,4565.0,16.69999999999999,0.0,8.0,9.0
cem,hard,40005,13,1.0,5.0,20.0,4330.0,17.19999999999999,0.0,6.0,9.0
cem,hard,40006,0,1.0,2.0,4.0,550.0,20.9,0.0,0.0,3.0
cem,hard,40006,1,1.0,2.0,5.0,650.0,9.700000000000003,0.0,0.0,4.0
cem,hard,40006,2,1.0,3.0,19.0,3090.0,21.299999999999997,0.0,5.0,6.0
cem,hard,40006,3,1.0,5.0,18.0,3500.0,20.000000000000007,0.0,6.0,6.0
cem,hard,40006,4,1.0,5.0,21.0,4450.0,20.89999999999999,0.0,8.0,7.0
cem,hard,40006,5,1.0,5.0,18.0,3750.0,25.299999999999997,0.0,7.0,7.0
cem,hard,40006,6,1.0,5.0,22.0,4070.0,13.099999999999994,0.0,7.0,8.0
cem,hard,40006,7,1.0,5.0,19.0,3905.0,12.900000000000006,0.0,6.0,8.0
cem,hard,40006,8,1.0,5.0,21.0,4695.0,23.0,0.0,7.0,9.0
cem,hard,40006,9,1.0,5.0,23.0,4060.0,24.900000000000006,0.0,8.0,9.0
cem,hard,40006,10,1.0,5.0,25.0,4625.0,15.300000000000011,0.0,8.0,9.0
cem,hard,40006,11,1.0,5.0,23.0,4250.0,30.099999999999994,0.0,8.0,9.0
cem,hard,40006,12,1.0,5.0,18.0,3785.0,19.299999999999983,0.0,6.0,9.0
cem,hard,40006,13,1.0,5.0,18.0,4095.0,23.19999999999999,0.0,7.0,9.0
cem,hard,40007,0,1.0,2.0,4.0,550.0,10.5,0.0,0.0,3.0
cem,hard,40007,1,1.0,2.0,5.0,650.0,9.2,0.0,0.0,4.0
cem,hard,40007,2,1.0,5.0,17.0,3315.0,26.900000000000002,0.0,5.0,6.0
cem,hard,40007,3,1.0,5.0,18.0,3790.0,16.199999999999996,0.0,7.0,6.0
cem,hard,40007,4,1.0,5.0,17.0,4365.0,16.60000000000001,0.0,8.0,7.0
cem,hard,40007,5,1.0,5.0,14.0,3900.0,10.599999999999994,0.0,6.0,7.0
cem,hard,40007,6,1.0,5.0,17.0,4275.0,15.299999999999997,0.0,8.0,8.0
cem,hard,40007,7,1.0,5.0,20.0,4235.0,14.799999999999997,0.0,8.0,8.0
cem,hard,40007,8,1.0,5.0,21.0,3825.0,40.70000000000002,0.0,6.0,9.0
cem,hard,40007,9,1.0,5.0,22.0,4075.0,20.899999999999977,0.0,8.0,9.0
cem,hard,40007,10,1.0,5.0,21.0,4060.0,34.400000000000006,0.0,7.0,9.0
cem,hard,40007,11,1.0,5.0,19.0,3985.0,19.30000000000001,0.0,6.0,9.0
cem,hard,40007,12,1.0,5.0,21.0,4355.0,27.400000000000006,0.0,8.0,9.0
cem,hard,40007,13,1.0,5.0,23.0,4500.0,25.19999999999999,0.0,7.0,9.0
cem,hard,40008,0,1.0,2.0,4.0,550.0,6.9,0.0,0.0,3.0
cem,hard,40008,1,1.0,2.0,5.0,650.0,10.200000000000001,0.0,0.0,4.0
cem,hard,40008,2,1.0,4.0,17.0,3165.0,16.6,0.0,5.0,6.0
cem,hard,40008,3,1.0,5.0,19.0,3435.0,24.4,0.0,5.0,6.0
cem,hard,40008,4,1.0,5.0,18.0,3920.0,18.800000000000004,0.0,6.0,7.0
cem,hard,40008,5,1.0,5.0,18.0,3980.0,12.199999999999989,0.0,7.0,7.0
cem,hard,40008,6,1.0,5.0,23.0,4225.0,15.200000000000003,0.0,8.0,8.0
cem,hard,40008,7,1.0,5.0,21.0,3945.0,23.89999999999999,0.0,7.0,8.0
cem,hard,40008,8,1.0,5.0,14.0,4045.0,13.700000000000017,0.0,6.0,9.0
cem,hard,40008,9,1.0,5.0,21.0,4360.0,19.799999999999983,0.0,8.0,9.0
cem,hard,40008,10,1.0,5.0,22.0,4205.0,27.600000000000023,0.0,6.0,9.0
cem,hard,40008,11,1.0,5.0,20.0,4225.0,15.099999999999994,0.0,6.0,9.0
cem,hard,40008,12,1.0,5.0,21.0,4310.0,19.900000000000006,0.0,8.0,9.0
cem,hard,40008,13,1.0,5.0,16.0,4065.0,26.099999999999994,0.0,6.0,9.0
cem,hard,40009,0,1.0,2.0,4.0,550.0,10.7,0.0,0.0,3.0
cem,hard,40009,1,1.0,2.0,5.0,650.0,8.400000000000002,0.0,0.0,4.0
cem,hard,40009,2,1.0,5.0,17.0,3465.0,11.299999999999997,0.0,4.0,6.0
cem,hard,40009,3,1.0,5.0,15.0,3535.0,19.4,0.0,4.0,6.0
cem,hard,40009,4,1.0,5.0,20.0,3985.0,24.5,0.0,6.0,7.0
cem,hard,40009,5,1.0,5.0,18.0,4255.0,22.900000000000006,0.0,7.0,7.0
cem,hard,40009,6,1.0,5.0,24.0,4575.0,30.39999999999999,0.0,8.0,8.0
cem,hard,40009,7,1.0,5.0,19.0,4170.0,18.5,0.0,8.0,8.0
cem,hard,40009,8,1.0,5.0,16.0,3975.0,10.800000000000011,0.0,6.0,9.0
cem,hard,40009,9,1.0,5.0,21.0,4025.0,25.599999999999994,0.0,7.0,9.0
cem,hard,40009,10,1.0,5.0,20.0,3980.0,17.30000000000001,0.0,6.0,9.0
cem,hard,40009,11,1.0,5.0,18.0,4510.0,29.299999999999983,0.0,8.0,9.0
cem,hard,40009,12,1.0,5.0,27.0,4230.0,42.599999999999994,0.0,8.0,9.0
cem,hard,40009,13,1.0,5.0,22.0,4495.0,23.600000000000023,0.0,8.0,9.0
cem,hard,40010,0,1.0,2.0,4.0,550.0,10.5,0.0,0.0,3.0
cem,hard,40010,1,1.0,2.0,5.0,650.0,10.0,0.0,0.0,4.0
cem,hard,40010,2,1.0,3.0,15.0,3160.0,14.200000000000003,0.0,4.0,6.0
cem,hard,40010,3,1.0,5.0,18.0,3785.0,19.299999999999997,0.0,6.0,6.0
cem,hard,40010,4,1.0,5.0,17.0,3925.0,15.099999999999994,0.0,6.0,7.0
cem,hard,40010,5,1.0,5.0,17.0,4195.0,33.400000000000006,0.0,7.0,7.0
cem,hard,40010,6,1.0,5.0,23.0,4070.0,13.099999999999994,0.0,8.0,8.0
cem,hard,40010,7,1.0,5.0,16.0,3820.0,33.0,0.0,6.0,8.0
cem,hard,40010,8,1.0,5.0,22.0,4655.0,17.900000000000006,0.0,8.0,9.0
cem,hard,40010,9,1.0,5.0,20.0,4350.0,25.400000000000006,0.0,7.0,9.0
cem,hard,40010,10,1.0,5.0,20.0,4005.0,32.0,0.0,7.0,9.0
cem,hard,40010,11,1.0,5.0,20.0,4390.0,16.299999999999983,0.0,7.0,9.0
cem,hard,40010,12,1.0,5.0,20.0,4395.0,18.30000000000001,0.0,7.0,9.0
cem,hard,40010,13,1.0,5.0,21.0,4490.0,36.19999999999999,0.0,8.0,9.0
cem,hard,40011,0,1.0,2.0,4.0,550.0,10.2,0.0,0.0,3.0
cem,hard,40011,1,1.0,2.0,5.0,650.0,12.7,0.0,0.0,4.0
cem,hard,40011,2,1.0,3.0,15.0,2705.0,22.1,0.0,4.0,6.0
cem,hard,40011,3,1.0,5.0,15.0,3375.0,15.899999999999999,0.0,5.0,6.0
cem,hard,40011,4,1.0,5.0,20.0,4215.0,16.6,0.0,8.0,7.0
cem,hard,40011,5,1.0,5.0,20.0,4150.0,25.900000000000006,0.0,8.0,7.0
cem,hard,40011,6,1.0,5.0,20.0,3875.0,20.799999999999997,0.0,6.0,8.0
cem,hard,40011,7,1.0,5.0,19.0,3970.0,23.200000000000003,0.0,6.0,8.0
cem,hard,40011,8,1.0,5.0,24.0,4285.0,29.099999999999994,0.0,8.0,9.0
cem,hard,40011,9,1.0,5.0,21.0,4075.0,15.900000000000006,0.0,6.0,9.0
cem,hard,40011,10,1.0,5.0,22.0,4070.0,18.400000000000006,0.0,7.0,9.0
cem,hard,40011,11,1.0,5.0,24.0,4070.0,18.399999999999977,0.0,7.0,9.0
cem,hard,40011,12,1.0,5.0,16.0,4060.0,19.0,0.0,6.0,9.0
cem,hard,40011,13,1.0,5.0,18.0,4335.0,19.19999999999999,0.0,7.0,9.0
cem,hard,40012,0,1.0,2.0,4.0,550.0,11.4,0.0,0.0,3.0
cem,hard,40012,1,1.0,2.0,5.0,650.0,9.4,0.0,0.0,4.0
cem,hard,40012,2,1.0,3.0,17.0,2830.0,32.5,0.0,5.0,6.0
cem,hard,40012,3,1.0,5.0,17.0,3560.0,14.400000000000006,0.0,5.0,6.0
cem,hard,40012,4,1.0,5.0,18.0,4300.0,15.099999999999994,0.0,6.0,7.0
cem,hard,40012,5,1.0,5.0,19.0,4040.0,16.799999999999997,0.0,7.0,7.0
cem,hard,40012,6,1.0,5.0,20.0,4445.0,18.200000000000003,0.0,8.0,8.0
cem,hard,40012,7,1.0,5.0,19.0,3705.0,27.700000000000003,0.0,6.0,8.0
cem,hard,40012,8,1.0,5.0,20.0,4330.0,17.400000000000006,0.0,7.0,9.0
cem,hard,40012,9,1.0,5.0,19.0,4175.0,20.599999999999994,0.0,7.0,9.0
cem,hard,40012,10,1.0,5.0,24.0,4215.0,21.599999999999994,0.0,6.0,9.0
cem,hard,40012,11,1.0,5.0,17.0,4085.0,14.400000000000006,0.0,5.0,9.0
cem,hard,40012,12,1.0,5.0,20.0,4250.0,25.5,0.0,8.0,9.0
cem,hard,40012,13,1.0,5.0,24.0,4220.0,23.100000000000023,0.0,8.0,9.0
cem,hard,40013,0,1.0,2.0,4.0,550.0,16.9,0.0,0.0,3.0
cem,hard,40013,1,1.0,2.0,5.0,650.0,11.8,0.0,0.0,4.0
cem,hard,40013,2,1.0,4.0,14.0,3055.0,12.000000000000004,0.0,4.0,6.0
cem,hard,40013,3,1.0,5.0,17.0,3760.0,14.099999999999994,0.0,6.0,6.0
cem,hard,40013,4,1.0,5.0,20.0,3910.0,19.299999999999997,0.0,8.0,7.0
cem,hard,40013,5,1.0,5.0,19.0,4090.0,16.80000000000001,0.0,8.0,7.0
cem,hard,40013,6,1.0,5.0,25.0,4570.0,23.69999999999999,0.0,8.0,8.0
cem,hard,40013,7,1.0,5.0,22.0,4500.0,15.599999999999994,0.0,8.0,8.0
cem,hard,40013,8,1.0,5.0,22.0,4530.0,17.200000000000017,0.0,7.0,9.0
cem,hard,40013,9,1.0,5.0,19.0,3845.0,13.099999999999994,0.0,6.0,9.0
cem,hard,40013,10,1.0,5.0,21.0,4065.0,16.599999999999994,0.0,7.0,9.0
cem,hard,40013,11,1.0,5.0,19.0,4075.0,15.200000000000017,0.0,7.0,9.0
cem,hard,40013,12,1.0,5.0,18.0,3925.0,15.799999999999983,0.0,6.0,9.0
cem,hard,40013,13,1.0,5.0,22.0,4320.0,18.900000000000006,0.0,8.0,9.0
cem,hard,40014,0,1.0,2.0,4.0,550.0,9.3,0.0,0.0,3.0
cem,hard,40014,1,1.0,2.0,5.0,650.0,12.599999999999998,0.0,0.0,4.0
cem,hard,40014,2,1.0,4.0,18.0,3480.0,22.700000000000003,0.0,6.0,6.0
cem,hard,40014,3,1.0,5.0,15.0,3305.0,12.100000000000001,0.0,5.0,6.0
cem,hard,40014,4,1.0,5.0,21.0,3985.0,24.5,0.0,7.0,7.0
cem,hard,40014,5,1.0,5.0,19.0,3820.0,13.099999999999994,0.0,6.0,7.0
cem,hard,40014,6,1.0,5.0,18.0,4270.0,23.900000000000006,0.0,7.0,8.0
cem,hard,40014,7,1.0,5.0,21.0,4435.0,14.700000000000003,0.0,6.0,8.0
cem,hard,40014,8,1.0,5.0,16.0,3990.0,21.19999999999999,0.0,6.0,9.0
cem,hard,40014,9,1.0,5.0,22.0,4345.0,33.20000000000002,0.0,7.0,9.0
cem,hard,40014,10,1.0,5.0,19.0,4205.0,12.0,0.0,6.0,9.0
cem,hard,40014,11,1.0,5.0,16.0,3790.0,26.299999999999983,0.0,6.0,9.0
cem,hard,40014,12,1.0,5.0,17.0,3955.0,22.30000000000001,0.0,6.0,9.0
cem,hard,40014,13,1.0,5.0,21.0,4160.0,24.700000000000017,0.0,8.0,9.0
cem,hard,40015,0,1.0,2.0,4.0,550.0,9.4,0.0,0.0,3.0
cem,hard,40015,1,1.0,2.0,5.0,650.0,13.700000000000001,0.0,0.0,4.0
cem,hard,40015,2,1.0,5.0,18.0,3600.0,20.699999999999996,0.0,6.0,6.0
cem,hard,40015,3,1.0,5.0,20.0,4180.0,17.200000000000003,0.0,7.0,6.0
cem,hard,40015,4,1.0,5.0,22.0,4145.0,18.299999999999997,0.0,7.0,7.0
cem,hard,40015,5,1.0,5.0,13.0,3735.0,14.200000000000003,0.0,6.0,7.0
cem,hard,40015,6,1.0,5.0,17.0,4180.0,27.099999999999994,0.0,8.0,8.0
cem,hard,40015,7,1.0,5.0,20.0,3885.0,19.099999999999994,0.0,6.0,8.0
cem,hard,40015,8,1.0,5.0,25.0,4145.0,38.20000000000002,0.0,7.0,9.0
cem,hard,40015,9,1.0,5.0,19.0,4195.0,18.5,0.0,7.0,9.0
cem,hard,40015,10,1.0,5.0,23.0,4415.0,21.099999999999994,0.0,8.0,9.0
cem,hard,40015,11,1.0,5.0,20.0,4215.0,21.5,0.0,6.0,9.0
cem,hard,40015,12,1.0,5.0,21.0,4270.0,18.30000000000001,0.0,7.0,9.0
cem,hard,40015,13,1.0,5.0,17.0,3835.0,14.699999999999989,0.0,5.0,9.0
cem,hard,40016,0,1.0,2.0,4.0,550.0,7.9,0.0,0.0,3.0
cem,hard,40016,1,1.0,2.0,5.0,650.0,8.700000000000001,0.0,0.0,4.0
cem,hard,40016,2,1.0,4.0,16.0,3385.0,39.4,0.0,6.0,6.0
cem,hard,40016,3,1.0,5.0,14.0,3430.0,22.099999999999994,0.0,7.0,6.0
cem,hard,40016,4,1.0,5.0,18.0,3900.0,25.80000000000001,0.0,6.0,7.0
cem,hard,40016,5,1.0,5.0,20.0,4170.0,13.099999999999994,0.0,8.0,7.0
cem,hard,40016,6,1.0,5.0,20.0,4160.0,19.5,0.0,8.0,8.0
cem,hard,40016,7,1.0,5.0,20.0,4500.0,20.900000000000006,0.0,8.0,8.0
cem,hard,40016,8,1.0,5.0,23.0,4375.0,20.599999999999994,0.0,7.0,9.0
cem,hard,40016,9,1.0,5.0,18.0,4075.0,30.69999999999999,0.0,7.0,9.0
cem,hard,40016,10,1.0,5.0,21.0,4255.0,27.30000000000001,0.0,8.0,9.0
cem,hard,40016,11,1.0,5.0,22.0,4315.0,16.0,0.0,8.0,9.0
cem,hard,40016,12,1.0,5.0,21.0,4500.0,15.899999999999977,0.0,7.0,9.0
cem,hard,40016,13,1.0,5.0,24.0,4195.0,38.10000000000002,0.0,8.0,9.0
cem,hard,40017,0,1.0,2.0,4.0,550.0,11.0,0.0,0.0,3.0
cem,hard,40017,1,1.0,2.0,5.0,650.0,7.100000000000001,0.0,0.0,4.0
cem,hard,40017,2,1.0,5.0,18.0,3730.0,17.5,0.0,6.0,6.0
cem,hard,40017,3,1.0,5.0,18.0,3580.0,17.699999999999996,0.0,5.0,6.0
cem,hard,40017,4,1.0,5.0,19.0,4250.0,25.299999999999997,0.0,7.0,7.0
cem,hard,40017,5,1.0,5.0,16.0,3580.0,22.700000000000003,0.0,6.0,7.0
cem,hard,40017,6,1.0,5.0,20.0,3970.0,43.8,0.0,8.0,8.0
cem,hard,40017,7,1.0,5.0,21.0,4115.0,31.80000000000001,0.0,8.0,8.0
cem,hard,40017,8,1.0,5.0,24.0,4250.0,35.400000000000006,0.0,8.0,9.0
cem,hard,40017,9,1.0,5.0,18.0,3840.0,21.599999999999994,0.0,6.0,9.0
cem,hard,40017,10,1.0,5.0,20.0,4270.0,23.49999999999997,0.0,8.0,9.0
cem,hard,40017,11,1.0,5.0,21.0,3910.0,24.200000000000045,0.0,7.0,9.0
cem,hard,40017,12,1.0,5.0,20.0,3875.0,20.799999999999955,0.0,6.0,9.0
cem,hard,40017,13,1.0,5.0,21.0,4105.0,12.200000000000045,0.0,8.0,9.0
cem,hard,40018,0,1.0,2.0,4.0,550.0,10.1,0.0,0.0,3.0
cem,hard,40018,1,1.0,2.0,5.0,650.0,8.500000000000002,0.0,0.0,4.0
cem,hard,40018,2,1.0,3.0,14.0,2925.0,15.0,0.0,4.0,6.0
cem,hard,40018,3,1.0,5.0,20.0,3850.0,25.199999999999996,0.0,7.0,6.0
cem,hard,40018,4,1.0,5.0,20.0,4320.0,18.10000000000001,0.0,8.0,7.0
cem,hard,40018,5,1.0,5.0,16.0,3930.0,12.399999999999991,0.0,7.0,7.0
cem,hard,40018,6,1.0,5.0,16.0,4000.0,15.600000000000009,0.0,6.0,8.0
cem,hard,40018,7,1.0,5.0,21.0,4470.0,18.5,0.0,8.0,8.0
cem,hard,40018,8,1.0,5.0,22.0,4405.0,32.69999999999999,0.0,8.0,9.0
cem,hard,40018,9,1.0,5.0,18.0,4520.0,13.900000000000006,0.0,7.0,9.0
cem,hard,40018,10,1.0,5.0,18.0,4225.0,15.699999999999989,0.0,6.0,9.0
cem,hard,40018,11,1.0,5.0,13.0,3900.0,15.700000000000017,0.0,6.0,9.0
cem,hard,40018,12,1.0,5.0,25.0,4265.0,21.19999999999999,0.0,8.0,9.0
cem,hard,40018,13,1.0,5.0,26.0,4840.0,16.599999999999994,0.0,8.0,9.0
cem,hard,40019,0,1.0,2.0,4.0,550.0,8.8,0.0,0.0,3.0
cem,hard,40019,1,1.0,2.0,5.0,650.0,9.399999999999999,0.0,0.0,4.0
cem,hard,40019,2,1.0,4.0,15.0,3215.0,26.500000000000004,0.0,6.0,6.0
cem,hard,40019,3,1.0,5.0,18.0,3950.0,15.899999999999999,0.0,7.0,6.0
cem,hard,40019,4,1.0,5.0,15.0,3830.0,17.199999999999996,0.0,6.0,7.0
cem,hard,40019,5,1.0,5.0,18.0,4110.0,24.799999999999997,0.0,8.0,7.0
cem,hard,40019,6,1.0,5.0,19.0,3830.0,12.300000000000011,0.0,6.0,8.0
cem,hard,40019,7,1.0,5.0,18.0,4055.0,22.299999999999983,0.0,6.0,8.0
cem,hard,40019,8,1.0,5.0,16.0,4075.0,15.400000000000006,0.0,7.0,9.0
cem,hard,40019,9,1.0,5.0,22.0,4020.0,18.400000000000006,0.0,8.0,9.0
cem,hard,40019,10,1.0,5.0,20.0,4295.0,23.400000000000006,0.0,8.0,9.0
cem,hard,40019,11,1.0,5.0,23.0,4270.0,18.5,0.0,8.0,9.0
cem,hard,40019,12,1.0,5.0,21.0,4420.0,18.69999999999999,0.0,7.0,9.0
cem,hard,40019,13,1.0,5.0,20.0,3900.0,15.700000000000017,0.0,7.0,9.0
cem,hard,40020,0,1.0,2.0,4.0,550.0,15.8,0.0,0.0,3.0
cem,hard,40020,1,1.0,2.0,5.0,650.0,8.8,0.0,0.0,4.0
cem,hard,40020,2,1.0,5.0,17.0,3665.0,21.5,0.0,6.0,6.0
cem,hard,40020,3,1.0,5.0,16.0,3750.0,25.6,0.0,6.0,6.0
cem,hard,40020,4,1.0,5.0,15.0,3955.0,22.700000000000003,0.0,6.0,7.0
cem,hard,40020,5,1.0,5.0,19.0,4385.0,14.399999999999991,0.0,7.0,7.0
cem,hard,40020,6,1.0,5.0,19.0,4170.0,13.700000000000003,0.0,8.0,8.0
cem,hard,40020,7,1.0,5.0,22.0,4195.0,18.400000000000006,0.0,7.0,8.0
cem,hard,40020,8,1.0,5.0,23.0,4340.0,26.5,0.0,8.0,9.0
cem,hard,40020,9,1.0,5.0,21.0,4230.0,37.19999999999999,0.0,6.0,9.0
cem,hard,40020,10,1.0,5.0,19.0,4470.0,18.5,0.0,8.0,9.0
cem,hard,40020,11,1.0,5.0,21.0,4080.0,22.80000000000001,0.0,6.0,9.0
cem,hard,40020,12,1.0,5.0,18.0,4570.0,18.400000000000006,0.0,6.0,9.0
cem,hard,40020,13,1.0,5.0,20.0,4200.0,30.5,0.0,6.0,9.0
cem,hard,40021,0,1.0,2.0,4.0,550.0,9.5,0.0,0.0,3.0
cem,hard,40021,1,1.0,2.0,5.0,650.0,9.399999999999999,0.0,0.0,4.0
cem,hard,40021,2,1.0,4.0,16.0,3060.0,19.6,0.0,5.0,6.0
cem,hard,40021,3,1.0,5.0,18.0,3785.0,29.5,0.0,7.0,6.0
cem,hard,40021,4,1.0,5.0,19.0,3955.0,22.099999999999994,0.0,6.0,7.0
cem,hard,40021,5,1.0,5.0,18.0,3725.0,20.200000000000003,0.0,7.0,7.0
cem,hard,40021,6,1.0,5.0,21.0,4065.0,16.0,0.0,8.0,8.0
cem,hard,40021,7,1.0,5.0,19.0,3995.0,18.10000000000001,0.0,8.0,8.0
cem,hard,40021,8,1.0,5.0,20.0,3915.0,31.599999999999994,0.0,8.0,9.0
cem,hard,40021,9,1.0,5.0,18.0,4240.0,21.0,0.0,7.0,9.0
cem,hard,40021,10,1.0,5.0,22.0,5025.0,15.699999999999989,0.0,8.0,9.0
cem,hard,40021,11,1.0,5.0,16.0,3990.0,31.700000000000017,0.0,6.0,9.0
cem,hard,40021,12,1.0,5.0,23.0,4165.0,21.099999999999994,0.0,8.0,9.0
cem,hard,40021,13,1.0,5.0,16.0,3790.0,26.19999999999999,0.0,5.0,9.0
cem,hard,40022,0,1.0,2.0,4.0,550.0,11.9,0.0,0.0,3.0
cem,hard,40022,1,1.0,2.0,5.0,650.0,7.9,0.0,0.0,4.0
cem,hard,40022,2,1.0,4.0,18.0,3205.0,12.599999999999998,0.0,4.0,6.0
cem,hard,40022,3,1.0,5.0,18.0,3920.0,18.300000000000004,0.0,7.0,6.0
cem,hard,40022,4,1.0,5.0,18.0,3875.0,20.799999999999997,0.0,6.0,7.0
cem,hard,40022,5,1.0,5.0,21.0,4140.0,21.099999999999994,0.0,8.0,7.0
cem,hard,40022,6,1.0,5.0,21.0,4175.0,15.100000000000009,0.0,7.0,8.0
cem,hard,40022,7,1.0,5.0,22.0,4455.0,17.099999999999994,0.0,8.0,8.0
cem,hard,40022,8,1.0,5.0,21.0,4090.0,26.799999999999997,0.0,6.0,9.0
cem,hard,40022,9,1.0,5.0,20.0,3925.0,25.599999999999994,0.0,6.0,9.0
cem,hard,40022,10,1.0,5.0,21.0,4505.0,17.400000000000006,0.0,8.0,9.0
cem,hard,40022,11,1.0,5.0,18.0,4085.0,29.5,0.0,6.0,9.0
cem,hard,40022,12,1.0,5.0,21.0,4355.0,27.5,0.0,7.0,9.0
cem,hard,40022,13,1.0,5.0,20.0,4275.0,20.400000000000006,0.0,8.0,9.0
cem,hard,40023,0,1.0,2.0,4.0,550.0,9.6,0.0,0.0,3.0
cem,hard,40023,1,1.0,2.0,5.0,650.0,10.299999999999999,0.0,0.0,4.0
cem,hard,40023,2,1.0,3.0,16.0,2805.0,12.399999999999999,0.0,4.0,6.0
cem,hard,40023,3,1.0,5.0,13.0,3655.0,12.600000000000001,0.0,6.0,6.0
cem,hard,40023,4,1.0,5.0,21.0,4315.0,26.699999999999996,0.0,8.0,7.0
cem,hard,40023,5,1.0,5.0,19.0,3895.0,23.900000000000006,0.0,7.0,7.0
cem,hard,40023,6,1.0,5.0,16.0,3990.0,26.799999999999997,0.0,6.0,8.0
cem,hard,40023,7,1.0,5.0,18.0,4020.0,28.89999999999999,0.0,8.0,8.0
cem,hard,40023,8,1.0,5.0,21.0,4780.0,12.5,0.0,8.0,9.0
cem,hard,40023,9,1.0,5.0,19.0,4280.0,17.200000000000017,0.0,6.0,9.0
cem,hard,40023,10,1.0,5.0,21.0,4090.0,26.900000000000006,0.0,7.0,9.0
cem,hard,40023,11,1.0,5.0,18.0,3750.0,25.399999999999977,0.0,6.0,9.0
cem,hard,40023,12,1.0,5.0,23.0,4410.0,19.400000000000006,0.0,7.0,9.0
cem,hard,40023,13,1.0,5.0,18.0,3885.0,24.00000000000003,0.0,6.0,9.0
cem,hard,40024,0,1.0,2.0,4.0,550.0,10.1,0.0,0.0,3.0
cem,hard,40024,1,1.0,2.0,5.0,650.0,18.700000000000003,0.0,0.0,4.0
cem,hard,40024,2,1.0,5.0,18.0,3865.0,16.599999999999998,0.0,6.0,6.0
cem,hard,40024,3,1.0,5.0,16.0,3740.0,16.6,0.0,6.0,6.0
cem,hard,40024,4,1.0,5.0,22.0,4215.0,16.799999999999997,0.0,8.0,7.0
cem,hard,40024,5,1.0,5.0,18.0,4445.0,13.0,0.0,8.0,7.0
cem,hard,40024,6,1.0,5.0,23.0,4015.0,21.10000000000001,0.0,7.0,8.0
cem,hard,40024,7,1.0,5.0,17.0,4010.0,14.899999999999991,0.0,6.0,8.0
cem,hard,40024,8,1.0,5.0,19.0,3935.0,14.700000000000003,0.0,5.0,9.0
cem,hard,40024,9,1.0,5.0,17.0,3870.0,18.19999999999999,0.0,6.0,9.0
cem,hard,40024,10,1.0,5.0,19.0,3960.0,24.30000000000001,0.0,6.0,9.0
cem,hard,40024,11,1.0,5.0,21.0,4520.0,13.900000000000006,0.0,8.0,9.0
cem,hard,40024,12,1.0,5.0,22.0,4335.0,24.900000000000006,0.0,7.0,9.0
cem,hard,40024,13,1.0,5.0,21.0,4165.0,11.699999999999989,0.0,7.0,9.0
cem,hard,40025,0,1.0,2.0,4.0,550.0,8.5,0.0,0.0,3.0
cem,hard,40025,1,1.0,2.0,5.0,650.0,13.3,0.0,0.0,4.0
cem,hard,40025,2,1.0,3.0,12.0,2745.0,18.8,0.0,5.0,6.0
cem,hard,40025,3,1.0,5.0,20.0,3490.0,16.9,0.0,6.0,6.0
cem,hard,40025,4,1.0,5.0,18.0,3910.0,24.400000000000006,0.0,6.0,7.0
cem,hard,40025,5,1.0,5.0,18.0,3465.0,16.799999999999997,0.0,6.0,7.0
cem,hard,40025,6,1.0,5.0,17.0,3780.0,17.799999999999997,0.0,7.0,8.0
cem,hard,40025,7,1.0,5.0,19.0,3660.0,29.69999999999999,0.0,6.0,8.0
cem,hard,40025,8,1.0,5.0,23.0,4540.0,26.600000000000023,0.0,8.0,9.0
cem,hard,40025,9,1.0,5.0,21.0,3975.0,35.0,0.0,6.0,9.0
cem,hard,40025,10,1.0,5.0,19.0,4545.0,28.5,0.0,7.0,9.0
cem,hard,40025,11,1.0,5.0,18.0,3665.0,16.099999999999994,0.0,6.0,9.0
cem,hard,40025,12,1.0,5.0,18.0,4105.0,27.099999999999994,0.0,7.0,9.0
cem,hard,40025,13,1.0,5.0,23.0,3665.0,31.899999999999977,0.0,7.0,9.0
cem,hard,40026,0,1.0,2.0,4.0,550.0,8.8,0.0,0.0,3.0
cem,hard,40026,1,1.0,2.0,5.0,650.0,10.3,0.0,0.0,4.0
cem,hard,40026,2,1.0,4.0,14.0,3085.0,9.7,0.0,4.0,6.0
cem,hard,40026,3,1.0,5.0,19.0,3670.0,17.999999999999996,0.0,7.0,6.0
cem,hard,40026,4,1.0,5.0,23.0,4455.0,37.2,0.0,8.0,7.0
cem,hard,40026,5,1.0,5.0,20.0,4000.0,25.400000000000006,0.0,8.0,7.0
cem,hard,40026,6,1.0,5.0,18.0,3780.0,27.5,0.0,6.0,8.0
cem,hard,40026,7,1.0,5.0,19.0,4300.0,25.299999999999983,0.0,8.0,8.0
cem,hard,40026,8,1.0,5.0,20.0,4330.0,27.600000000000023,0.0,8.0,9.0
cem,hard,40026,9,1.0,5.0,18.0,4080.0,12.799999999999983,0.0,6.0,9.0
cem,hard,40026,10,1.0,5.0,18.0,4450.0,15.400000000000006,0.0,8.0,9.0
cem,hard,40026,11,1.0,5.0,21.0,4090.0,36.5,0.0,8.0,9.0
cem,hard,40026,12,1.0,5.0,23.0,4355.0,22.5,0.0,7.0,9.0
cem,hard,40026,13,1.0,5.0,22.0,4160.0,24.69999999999999,0.0,7.0,9.0
cem,hard,40027,0,1.0,2.0,4.0,550.0,7.2,0.0,0.0,3.0
cem,hard,40027,1,1.0,2.0,5.0,650.0,12.900000000000002,0.0,0.0,4.0
cem,hard,40027,2,1.0,3.0,13.0,2630.0,22.6,0.0,4.0,6.0
cem,hard,40027,3,1.0,5.0,18.0,3755.0,27.89999999999999,0.0,6.0,6.0
cem,hard,40027,4,1.0,5.0,17.0,4030.0,17.400000000000006,0.0,7.0,7.0
cem,hard,40027,5,1.0,5.0,19.0,3905.0,12.900000000000006,0.0,7.0,7.0
cem,hard,40027,6,1.0,5.0,18.0,3790.0,31.19999999999999,0.0,6.0,8.0
cem,hard,40027,7,1.0,5.0,21.0,4220.0,13.200000000000017,0.0,6.0,8.0
cem,hard,40027,8,1.0,5.0,19.0,4270.0,13.199999999999989,0.0,6.0,9.0
cem,hard,40027,9,1.0,5.0,14.0,3625.0,10.0,0.0,5.0,9.0
cem,hard,40027,10,1.0,5.0,20.0,4025.0,15.400000000000006,0.0,6.0,9.0
cem,hard,40027,11,1.0,5.0,18.0,4160.0,14.0,0.0,6.0,9.0
cem,hard,40027,12,1.0,5.0,19.0,4210.0,14.099999999999994,0.0,8.0,9.0
cem,hard,40027,13,1.0,5.0,18.0,4175.0,20.30000000000001,0.0,7.0,9.0
cem,hard,40028,0,1.0,2.0,4.0,550.0,10.5,0.0,0.0,3.0
cem,hard,40028,1,1.0,2.0,5.0,650.0,14.100000000000001,0.0,0.0,4.0
cem,hard,40028,2,1.0,4.0,15.0,3110.0,14.299999999999997,0.0,4.0,6.0
cem,hard,40028,3,1.0,5.0,16.0,4080.0,17.4,0.0,7.0,6.0
cem,hard,40028,4,1.0,5.0,19.0,4000.0,15.5,0.0,7.0,7.0
cem,hard,40028,5,1.0,5.0,20.0,4145.0,13.5,0.0,7.0,7.0
cem,hard,40028,6,1.0,5.0,18.0,3830.0,17.400000000000006,0.0,6.0,8.0
cem,hard,40028,7,1.0,5.0,23.0,4300.0,25.299999999999997,0.0,7.0,8.0
cem,hard,40028,8,1.0,5.0,19.0,4395.0,18.099999999999994,0.0,6.0,9.0
cem,hard,40028,9,1.0,5.0,20.0,4110.0,19.80000000000001,0.0,8.0,9.0
cem,hard,40028,10,1.0,5.0,17.0,4275.0,20.0,0.0,7.0,9.0
cem,hard,40028,11,1.0,5.0,22.0,4690.0,26.900000000000006,0.0,8.0,9.0
cem,hard,40028,12,1.0,5.0,12.0,3745.0,23.899999999999977,0.0,6.0,9.0
cem,hard,40028,13,1.0,5.0,23.0,4175.0,40.19999999999999,0.0,8.0,9.0
cem,hard,40029,0,1.0,2.0,4.0,550.0,6.4,0.0,0.0,3.0
cem,hard,40029,1,1.0,2.0,5.0,650.0,10.6,0.0,0.0,4.0
cem,hard,40029,2,1.0,4.0,17.0,2990.0,26.299999999999997,0.0,5.0,6.0
cem,hard,40029,3,1.0,5.0,17.0,3425.0,15.800000000000004,0.0,6.0,6.0
cem,hard,40029,4,1.0,5.0,22.0,4180.0,17.499999999999993,0.0,8.0,7.0
cem,hard,40029,5,1.0,5.0,16.0,3805.0,22.200000000000003,0.0,6.0,7.0
cem,hard,40029,6,1.0,5.0,19.0,4340.0,16.60000000000001,0.0,6.0,8.0
cem,hard,40029,7,1.0,5.0,17.0,3880.0,12.399999999999991,0.0,6.0,8.0
cem,hard,40029,8,1.0,5.0,19.0,3875.0,20.89999999999999,0.0,6.0,9.0
cem,hard,40029,9,1.0,5.0,19.0,4230.0,17.30000000000001,0.0,8.0,9.0
cem,hard,40029,10,1.0,5.0,24.0,4410.0,14.400000000000006,0.0,8.0,9.0
cem,hard,40029,11,1.0,5.0,20.0,4175.0,20.5,0.0,8.0,9.0
cem,hard,40029,12,1.0,5.0,18.0,4325.0,25.799999999999983,0.0,6.0,9.0
cem,hard,40029,13,1.0,5.0,22.0,4795.0,18.0,0.0,8.0,9.0
cem,hard,40030,0,1.0,2.0,4.0,550.0,6.8,0.0,0.0,3.0
cem,hard,40030,1,1.0,2.0,5.0,650.0,15.0,0.0,0.0,4.0
cem,hard,40030,2,1.0,3.0,15.0,2815.0,11.7,0.0,5.0,6.0
cem,hard,40030,3,1.0,5.0,20.0,3730.0,17.200000000000003,0.0,7.0,6.0
cem,hard,40030,4,1.0,5.0,20.0,4235.0,14.399999999999991,0.0,8.0,7.0
cem,hard,40030,5,1.0,5.0,20.0,4105.0,22.200000000000003,0.0,8.0,7.0
cem,hard,40030,6,1.0,5.0,19.0,3875.0,20.10000000000001,0.0,6.0,8.0
cem,hard,40030,7,1.0,5.0,20.0,4055.0,37.0,0.0,7.0,8.0
cem,hard,40030,8,1.0,5.0,18.0,4245.0,13.199999999999989,0.0,7.0,9.0
cem,hard,40030,9,1.0,5.0,21.0,3955.0,22.700000000000017,0.0,6.0,9.0
cem,hard,40030,10,1.0,5.0,17.0,4120.0,18.0,0.0,6.0,9.0
cem,hard,40030,11,1.0,5.0,21.0,4195.0,23.399999999999977,0.0,7.0,9.0
cem,hard,40030,12,1.0,5.0,18.0,4420.0,13.400000000000006,0.0,7.0,9.0
cem,hard,40030,13,1.0,5.0,20.0,4065.0,26.599999999999994,0.0,6.0,9.0
cem,hard,40031,0,1.0,2.0,4.0,550.0,11.7,0.0,0.0,3.0
cem,hard,40031,1,1.0,2.0,5.0,650.0,8.100000000000001,0.0,0.0,4.0
cem,hard,40031,2,1.0,4.0,20.0,3010.0,24.2,0.0,5.0,6.0
cem,hard,40031,3,1.0,5.0,16.0,3820.0,13.5,0.0,7.0,6.0
cem,hard,40031,4,1.0,5.0,20.0,4000.0,20.099999999999994,0.0,8.0,7.0
cem,hard,40031,5,1.0,5.0,20.0,4260.0,29.0,0.0,7.0,7.0
cem,hard,40031,6,1.0,5.0,21.0,4440.0,31.099999999999994,0.0,8.0,8.0
cem,hard,40031,7,1.0,5.0,20.0,4015.0,21.0,0.0,6.0,8.0
cem,hard,40031,8,1.0,5.0,21.0,4130.0,22.80000000000001,0.0,6.0,9.0
cem,hard,40031,9,1.0,5.0,22.0,4465.0,31.400000000000006,0.0,7.0,9.0
cem,hard,40031,10,1.0,5.0,18.0,3995.0,13.900000000000006,0.0,6.0,9.0
cem,hard,40031,11,1.0,5.0,21.0,4245.0,18.19999999999999,0.0,7.0,9.0
cem,hard,40031,12,1.0,5.0,18.0,3790.0,21.5,0.0,6.0,9.0
cem,hard,40031,13,1.0,5.0,20.0,4235.0,19.30000000000001,0.0,7.0,9.0
ppo,relaxed,40000,0,1.0,5.0,4.0,550.0,7.9,0.0,0.0,3.0
ppo,relaxed,40000,1,1.0,5.0,5.0,650.0,7.1,0.0,0.0,4.0
ppo,relaxed,40000,2,1.0,5.0,12.0,2425.0,23.9,0.0,4.0,6.0
ppo,relaxed,40000,3,1.0,5.0,14.0,2950.0,32.699999999999996,0.0,5.0,6.0
ppo,relaxed,40000,4,1.0,5.0,16.0,3275.0,30.0,0.0,6.0,7.0
ppo,relaxed,40000,5,1.0,5.0,20.0,3350.0,44.099999999999994,0.0,8.0,7.0
ppo,relaxed,40000,6,1.0,5.0,16.0,3300.0,18.700000000000017,0.0,8.0,8.0
ppo,relaxed,40000,7,1.0,5.0,11.0,3375.0,30.900000000000006,0.0,7.0,8.0
ppo,relaxed,40000,8,1.0,5.0,15.0,3175.0,32.29999999999998,0.0,6.0,9.0
ppo,relaxed,40000,9,1.0,5.0,13.0,3175.0,33.50000000000003,0.0,7.0,9.0
ppo,relaxed,40000,10,1.0,5.0,20.0,3700.0,46.19999999999999,0.0,8.0,9.0
ppo,relaxed,40000,11,1.0,5.0,19.0,3825.0,29.80000000000001,0.0,8.0,9.0
ppo,relaxed,40000,12,1.0,5.0,12.0,3450.0,25.399999999999977,0.0,8.0,9.0
ppo,relaxed,40000,13,1.0,5.0,17.0,3600.0,31.30000000000001,0.0,7.0,9.0
ppo,relaxed,40001,0,1.0,5.0,4.0,550.0,10.5,0.0,0.0,3.0
ppo,relaxed,40001,1,1.0,5.0,5.0,650.0,16.5,0.0,0.0,4.0
ppo,relaxed,40001,2,1.0,5.0,12.0,2900.0,30.4,0.0,6.0,6.0
ppo,relaxed,40001,3,1.0,5.0,13.0,3225.0,30.699999999999996,0.0,6.0,6.0
ppo,relaxed,40001,4,1.0,5.0,15.0,3475.0,22.60000000000001,0.0,7.0,7.0
ppo,relaxed,40001,5,1.0,5.0,15.0,3025.0,23.60000000000001,0.0,6.0,7.0
ppo,relaxed,40001,6,1.0,5.0,16.0,3525.0,16.5,0.0,8.0,8.0
ppo,relaxed,40001,7,1.0,5.0,19.0,3900.0,35.19999999999999,0.0,8.0,8.0
ppo,relaxed,40001,8,1.0,5.0,16.0,3550.0,24.30000000000001,0.0,8.0,9.0
ppo,relaxed,40001,9,1.0,5.0,12.0,3450.0,24.399999999999977,0.0,7.0,9.0
ppo,relaxed,40001,10,1.0,5.0,15.0,3150.0,44.0,0.0,6.0,9.0
ppo,relaxed,40001,11,1.0,5.0,16.0,3125.0,57.5,0.0,6.0,9.0
ppo,relaxed,40001,12,1.0,5.0,18.0,3400.0,27.100000000000023,0.0,7.0,9.0
ppo,relaxed,40001,13,1.0,5.0,17.0,3175.0,20.69999999999999,0.0,6.0,9.0
ppo,relaxed,40002,0,1.0,5.0,4.0,550.0,7.8,0.0,0.0,3.0
ppo,relaxed,40002,1,1.0,5.0,5.0,650.0,8.899999999999999,0.0,0.0,4.0
ppo,relaxed,40002,2,1.0,5.0,14.0,3000.0,22.900000000000002,0.0,6.0,6.0
ppo,relaxed,40002,3,1.0,5.0,12.0,2775.0,22.5,0.0,6.0,6.0
ppo,relaxed,40002,4,1.0,5.0,13.0,3475.0,32.1,0.0,8.0,7.0
ppo,relaxed,40002,5,1.0,5.0,16.0,3150.0,29.299999999999997,0.0,8.0,7.0
ppo,relaxed,40002,6,1.0,5.0,17.0,3475.0,39.19999999999999,0.0,7.0,8.0
ppo,relaxed,40002,7,1.0,5.0,16.0,3250.0,33.60000000000002,0.0,7.0,8.0
ppo,relaxed,40002,8,1.0,5.0,20.0,3625.0,44.099999999999994,0.0,8.0,9.0
ppo,relaxed,40002,9,1.0,5.0,20.0,3575.0,39.099999999999994,0.0,8.0,9.0
ppo,relaxed,40002,10,1.0,5.0,15.0,3250.0,35.39999999999998,0.0,6.0,9.0
ppo,relaxed,40002,11,1.0,5.0,16.0,3500.0,50.5,0.0,6.0,9.0
ppo,relaxed,40002,12,1.0,5.0,15.0,3625.0,34.400000000000034,0.0,7.0,9.0
ppo,relaxed,40002,13,1.0,5.0,20.0,3650.0,23.80000000000001,0.0,8.0,9.0
ppo,relaxed,40003,0,1.0,5.0,4.0,550.0,23.7,0.0,0.0,3.0
ppo,relaxed,40003,1,1.0,5.0,5.0,650.0,10.000000000000004,0.0,0.0,4.0
ppo,relaxed,40003,2,1.0,5.0,13.0,3100.0,33.3,0.0,6.0,6.0
ppo,relaxed,40003,3,1.0,5.0,14.0,2750.0,25.0,0.0,6.0,6.0
ppo,relaxed,40003,4,1.0,5.0,14.0,3175.0,37.30000000000001,0.0,7.0,7.0
ppo,relaxed,40003,5,1.0,5.0,17.0,3450.0,36.5,0.0,7.0,7.0
ppo,relaxed,40003,6,1.0,5.0,14.0,3275.0,31.799999999999983,0.0,7.0,8.0
ppo,relaxed,40003,7,1.0,5.0,16.0,3150.0,24.200000000000017,0.0,6.0,8.0
ppo,relaxed,40003,8,1.0,5.0,18.0,3425.0,34.89999999999998,0.0,6.0,9.0
ppo,relaxed,40003,9,1.0,5.0,15.0,3325.0,40.80000000000001,0.0,6.0,9.0
ppo,relaxed,40003,10,1.0,5.0,15.0,3200.0,39.89999999999998,0.0,6.0,9.0
ppo,relaxed,40003,11,1.0,5.0,15.0,3400.0,18.80000000000001,0.0,8.0,9.0
ppo,relaxed,40003,12,1.0,5.0,15.0,3500.0,22.5,0.0,8.0,9.0
ppo,relaxed,40003,13,1.0,5.0,17.0,3400.0,31.100000000000023,0.0,6.0,9.0
ppo,relaxed,40004,0,1.0,5.0,4.0,550.0,11.8,0.0,0.0,3.0
ppo,relaxed,40004,1,1.0,5.0,5.0,650.0,17.3,0.0,0.0,4.0
ppo,relaxed,40004,2,1.0,5.0,10.0,2700.0,24.799999999999997,0.0,4.0,6.0
ppo,relaxed,40004,3,1.0,5.0,13.0,3200.0,34.699999999999996,0.0,5.0,6.0
ppo,relaxed,40004,4,1.0,5.0,16.0,3200.0,25.10000000000001,0.0,7.0,7.0
ppo,relaxed,40004,5,1.0,5.0,21.0,3375.0,29.700000000000003,0.0,8.0,7.0
ppo,relaxed,40004,6,1.0,5.0,17.0,3675.0,20.900000000000006,0.0,8.0,8.0
ppo,relaxed,40004,7,1.0,5.0,18.0,3350.0,36.0,0.0,8.0,8.0
ppo,relaxed,40004,8,1.0,5.0,19.0,3125.0,26.19999999999999,0.0,7.0,9.0
ppo,relaxed,40004,9,1.0,5.0,14.0,3225.0,41.5,0.0,6.0,9.0
ppo,relaxed,40004,10,1.0,5.0,19.0,3925.0,38.0,0.0,8.0,9.0
ppo,relaxed,40004,11,1.0,5.0,15.0,3325.0,27.19999999999999,0.0,7.0,9.0
ppo,relaxed,40004,12,1.0,5.0,18.0,3275.0,41.900000000000034,0.0,6.0,9.0
ppo,relaxed,40004,13,1.0,5.0,15.0,3475.0,39.39999999999998,0.0,7.0,9.0
ppo,relaxed,40005,0,1.0,5.0,4.0,550.0,12.3,0.0,0.0,3.0
ppo,relaxed,40005,1,1.0,5.0,5.0,650.0,18.2,0.0,0.0,4.0
ppo,relaxed,40005,2,1.0,5.0,11.0,2575.0,24.200000000000003,0.0,4.0,6.0
ppo,relaxed,40005,3,1.0,5.0,15.0,3000.0,24.200000000000003,0.0,7.0,6.0
ppo,relaxed,40005,4,1.0,5.0,18.0,3125.0,31.799999999999997,0.0,6.0,7.0
ppo,relaxed,40005,5,1.0,5.0,16.0,3450.0,21.999999999999986,0.0,7.0,7.0
ppo,relaxed,40005,6,1.0,5.0,18.0,3525.0,23.30000000000001,0.0,8.0,8.0
ppo,relaxed,40005,7,1.0,5.0,19.0,3525.0,18.69999999999999,0.0,8.0,8.0
ppo,relaxed,40005,8,1.0,5.0,16.0,3550.0,19.600000000000023,0.0,8.0,9.0
ppo,relaxed,40005,9,1.0,5.0,16.0,3575.0,36.89999999999998,0.0,7.0,9.0
ppo,relaxed,40005,10,1.0,5.0,17.0,3475.0,25.400000000000034,0.0,7.0,9.0
ppo,relaxed,40005,11,1.0,5.0,19.0,3425.0,29.899999999999977,0.0,8.0,9.0
ppo,relaxed,40005,12,1.0,5.0,17.0,3475.0,26.80000000000001,0.0,7.0,9.0
ppo,relaxed,40005,13,1.0,5.0,19.0,3425.0,24.099999999999966,0.0,8.0,9.0
ppo,relaxed,40006,0,1.0,5.0,4.0,550.0,5.6,0.0,0.0,3.0
ppo,relaxed,40006,1,1.0,5.0,5.0,650.0,10.4,0.0,0.0,4.0
ppo,relaxed,40006,2,1.0,5.0,16.0,3100.0,19.6,0.0,6.0,6.0
ppo,relaxed,40006,3,1.0,5.0,15.0,2800.0,17.0,0.0,6.0,6.0
ppo,relaxed,40006,4,1.0,5.0,13.0,3375.0,23.499999999999993,0.0,7.0,7.0
ppo,relaxed,40006,5,1.0,5.0,16.0,3425.0,29.700000000000003,0.0,8.0,7.0
ppo,relaxed,40006,6,1.0,5.0,11.0,2775.0,27.10000000000001,0.0,6.0,8.0
ppo,relaxed,40006,7,1.0,5.0,15.0,3550.0,37.79999999999998,0.0,8.0,8.0
ppo,relaxed,40006,8,1.0,5.0,16.0,3550.0,31.100000000000023,0.0,8.0,9.0
ppo,relaxed,40006,9,1.0,5.0,17.0,3225.0,41.0,0.0,6.0,9.0
ppo,relaxed,40006,10,1.0,5.0,16.0,3450.0,37.099999999999966,0.0,8.0,9.0
ppo,relaxed,40006,11,1.0,5.0,13.0,3375.0,37.80000000000001,0.0,8.0,9.0
ppo,relaxed,40006,12,1.0,5.0,10.0,3300.0,37.19999999999999,0.0,8.0,9.0
ppo,relaxed,40006,13,1.0,5.0,16.0,3550.0,33.5,0.0,7.0,9.0
ppo,relaxed,40007,0,1.0,5.0,4.0,550.0,9.9,0.0,0.0,3.0
ppo,relaxed,40007,1,1.0,5.0,5.0,650.0,11.9,0.0,0.0,4.0
ppo,relaxed,40007,2,1.0,5.0,13.0,2675.0,16.599999999999998,0.0,5.0,6.0
ppo,relaxed,40007,3,1.0,5.0,13.0,3075.0,42.300000000000004,0.0,7.0,6.0
ppo,relaxed,40007,4,1.0,5.0,19.0,3450.0,48.8,0.0,8.0,7.0
ppo,relaxed,40007,5,1.0,5.0,14.0,3175.0,26.19999999999999,0.0,8.0,7.0
ppo,relaxed,40007,6,1.0,5.0,14.0,3025.0,11.700000000000017,0.0,6.0,8.0
ppo,relaxed,40007,7,1.0,5.0,16.0,3300.0,30.69999999999999,0.0,6.0,8.0
ppo,relaxed,40007,8,1.0,5.0,15.0,3175.0,34.70000000000002,0.0,6.0,9.0
ppo,relaxed,40007,9,1.0,5.0,18.0,3325.0,15.899999999999977,0.0,6.0,9.0
ppo,relaxed,40007,10,1.0,5.0,13.0,2875.0,21.400000000000034,0.0,6.0,9.0
ppo,relaxed,40007,11,1.0,5.0,17.0,3675.0,26.599999999999966,0.0,7.0,9.0
ppo,relaxed,40007,12,1.0,5.0,15.0,3425.0,24.69999999999999,0.0,8.0,9.0
ppo,relaxed,40007,13,1.0,5.0,14.0,3325.0,45.60000000000002,0.0,6.0,9.0
ppo,relaxed,40008,0,1.0,5.0,4.0,550.0,10.1,0.0,0.0,3.0
ppo,relaxed,40008,1,1.0,5.0,5.0,650.0,5.4,0.0,0.0,4.0
ppo,relaxed,40008,2,1.0,5.0,12.0,2425.0,19.200000000000003,0.0,4.0,6.0
ppo,relaxed,40008,3,1.0,5.0,12.0,2875.0,23.099999999999994,0.0,6.0,6.0
ppo,relaxed,40008,4,1.0,5.0,13.0,2900.0,25.700000000000003,0.0,6.0,7.0
ppo,relaxed,40008,5,1.0,5.0,17.0,3325.0,32.599999999999994,0.0,8.0,7.0
ppo,relaxed,40008,6,1.0,5.0,13.0,3300.0,24.099999999999994,0.0,6.0,8.0
ppo,relaxed,40008,7,1.0,5.0,16.0,3350.0,34.30000000000001,0.0,7.0,8.0
ppo,relaxed,40008,8,1.0,5.0,15.0,2950.0,16.900000000000006,0.0,6.0,9.0
ppo,relaxed,40008,9,1.0,5.0,15.0,3475.0,43.599999999999994,0.0,7.0,9.0
ppo,relaxed,40008,10,1.0,5.0,18.0,3475.0,28.69999999999999,0.0,6.0,9.0
ppo,relaxed,40008,11,1.0,5.0,16.0,3450.0,30.100000000000023,0.0,8.0,9.0
ppo,relaxed,40008,12,1.0,5.0,16.0,3200.0,26.0,0.0,8.0,9.0
ppo,relaxed,40008,13,1.0,5.0,18.0,3375.0,23.599999999999966,0.0,7.0,9.0
ppo,relaxed,40009,0,1.0,5.0,4.0,550.0,8.1,0.0,0.0,3.0
ppo,relaxed,40009,1,1.0,5.0,5.0,650.0,16.1,0.0,0.0,4.0
ppo,relaxed,40009,2,1.0,5.0,12.0,2625.0,19.3,0.0,4.0,6.0
ppo,relaxed,40009,3,1.0,5.0,16.0,3250.0,35.0,0.0,7.0,6.0
ppo,relaxed,40009,4,1.0,5.0,15.0,3175.0,29.400000000000006,0.0,7.0,7.0
ppo,relaxed,40009,5,1.0,5.0,15.0,2975.0,25.299999999999983,0.0,6.0,7.0
ppo,relaxed,40009,6,1.0,5.0,18.0,3350.0,39.0,0.0,8.0,8.0
ppo,relaxed,40009,7,1.0,5.0,14.0,3150.0,24.200000000000017,0.0,6.0,8.0
ppo,relaxed,40009,8,1.0,5.0,16.0,3625.0,16.69999999999999,0.0,7.0,9.0
ppo,relaxed,40009,9,1.0,5.0,13.0,3125.0,18.200000000000017,0.0,6.0,9.0
ppo,relaxed,40009,10,1.0,5.0,19.0,3500.0,36.5,0.0,7.0,9.0
ppo,relaxed,40009,11,1.0,5.0,21.0,3525.0,47.099999999999966,0.0,7.0,9.0
ppo,relaxed,40009,12,1.0,5.0,18.0,3175.0,33.700000000000045,0.0,6.0,9.0
ppo,relaxed,40009,13,1.0,5.0,19.0,3400.0,27.69999999999999,0.0,7.0,9.0
ppo,relaxed,40010,0,1.0,5.0,4.0,550.0,6.8,0.0,0.0,3.0
ppo,relaxed,40010,1,1.0,5.0,5.0,650.0,9.599999999999998,0.0,0.0,4.0
ppo,relaxed,40010,2,1.0,5.0,16.0,3275.0,40.9,0.0,6.0,6.0
ppo,relaxed,40010,3,1.0,5.0,12.0,3200.0,34.400000000000006,0.0,6.0,6.0
ppo,relaxed,40010,4,1.0,5.0,16.0,3125.0,30.39999999999999,0.0,6.0,7.0
ppo,relaxed,40010,5,1.0,5.0,17.0,3375.0,27.599999999999994,0.0,8.0,7.0
ppo,relaxed,40010,6,1.0,5.0,16.0,3200.0,27.200000000000017,0.0,7.0,8.0
ppo,relaxed,40010,7,1.0,5.0,16.0,3125.0,16.5,0.0,7.0,8.0
ppo,relaxed,40010,8,1.0,5.0,19.0,3650.0,42.19999999999999,0.0,7.0,9.0
ppo,relaxed,40010,9,1.0,5.0,20.0,3475.0,29.50000000000003,0.0,7.0,9.0
ppo,relaxed,40010,10,1.0,5.0,19.0,3550.0,23.69999999999999,0.0,8.0,9.0
ppo,relaxed,40010,11,1.0,5.0,14.0,3125.0,35.80000000000001,0.0,7.0,9.0
ppo,relaxed,40010,12,1.0,5.0,18.0,3475.0,22.5,0.0,8.0,9.0
ppo,relaxed,40010,13,1.0,5.0,12.0,3350.0,28.099999999999966,0.0,7.0,9.0
ppo,relaxed,40011,0,1.0,5.0,4.0,550.0,12.7,0.0,0.0,3.0
ppo,relaxed,40011,1,1.0,5.0,5.0,650.0,10.8,0.0,0.0,4.0
ppo,relaxed,40011,2,1.0,5.0,15.0,2975.0,49.5,0.0,6.0,6.0
ppo,relaxed,40011,3,1.0,5.0,15.0,3025.0,35.7,0.0,6.0,6.0
ppo,relaxed,40011,4,1.0,5.0,13.0,3225.0,19.0,0.0,7.0,7.0
ppo,relaxed,40011,5,1.0,5.0,11.0,2950.0,33.89999999999999,0.0,6.0,7.0
ppo,relaxed,40011,6,1.0,5.0,15.0,3300.0,18.0,0.0,6.0,8.0
ppo,relaxed,40011,7,1.0,5.0,12.0,3125.0,22.900000000000006,0.0,6.0,8.0
ppo,relaxed,40011,8,1.0,5.0,14.0,3475.0,38.19999999999999,0.0,7.0,9.0
ppo,relaxed,40011,9,1.0,5.0,19.0,3750.0,52.10000000000002,0.0,8.0,9.0
ppo,relaxed,40011,10,1.0,5.0,16.0,3375.0,36.5,0.0,7.0,9.0
ppo,relaxed,40011,11,1.0,5.0,15.0,3300.0,22.899999999999977,0.0,6.0,9.0
ppo,relaxed,40011,12,1.0,5.0,18.0,3550.0,28.400000000000034,0.0,8.0,9.0
ppo,relaxed,40011,13,1.0,5.0,14.0,3375.0,24.19999999999999,0.0,7.0,9.0
ppo,relaxed,40012,0,1.0,5.0,4.0,550.0,5.8,0.0,0.0,3.0
ppo,relaxed,40012,1,1.0,5.0,5.0,650.0,10.3,0.0,0.0,4.0
ppo,relaxed,40012,2,1.0,5.0,13.0,2600.0,23.4,0.0,4.0,6.0
ppo,relaxed,40012,3,1.0,5.0,12.0,2975.0,20.5,0.0,5.0,6.0
ppo,relaxed,40012,4,1.0,5.0,14.0,3175.0,24.299999999999997,0.0,6.0,7.0
ppo,relaxed,40012,5,1.0,5.0,19.0,3450.0,44.39999999999999,0.0,8.0,7.0
ppo,relaxed,40012,6,1.0,5.0,15.0,3425.0,40.10000000000002,0.0,6.0,8.0
ppo,relaxed,40012,7,1.0,5.0,16.0,2950.0,28.599999999999994,0.0,6.0,8.0
ppo,relaxed,40012,8,1.0,5.0,14.0,3375.0,31.400000000000006,0.0,7.0,9.0
ppo,relaxed,40012,9,1.0,5.0,14.0,3225.0,22.69999999999999,0.0,6.0,9.0
ppo,relaxed,40012,10,1.0,5.0,15.0,3525.0,31.69999999999999,0.0,6.0,9.0
ppo,relaxed,40012,11,1.0,5.0,16.0,3400.0,18.0,0.0,7.0,9.0
ppo,relaxed,40012,12,1.0,5.0,15.0,3125.0,34.5,0.0,6.0,9.0
ppo,relaxed,40012,13,1.0,5.0,18.0,3375.0,26.69999999999999,0.0,7.0,9.0
ppo,relaxed,40013,0,1.0,5.0,4.0,550.0,6.9,0.0,0.0,3.0
ppo,relaxed,40013,1,1.0,5.0,5.0,650.0,10.299999999999999,0.0,0.0,4.0
ppo,relaxed,40013,2,1.0,5.0,14.0,2625.0,22.2,0.0,5.0,6.0
ppo,relaxed,40013,3,1.0,5.0,16.0,2900.0,16.800000000000004,0.0,7.0,6.0
ppo,relaxed,40013,4,1.0,5.0,20.0,3075.0,28.89999999999999,0.0,8.0,7.0
ppo,relaxed,40013,5,1.0,5.0,14.0,3325.0,16.80000000000001,0.0,8.0,7.0
ppo,relaxed,40013,6,1.0,5.0,10.0,3375.0,11.699999999999989,0.0,7.0,8.0
ppo,relaxed,40013,7,1.0,5.0,14.0,3100.0,19.5,0.0,6.0,8.0
ppo,relaxed,40013,8,1.0,5.0,19.0,3550.0,26.700000000000017,0.0,8.0,9.0
ppo,relaxed,40013,9,1.0,5.0,15.0,3525.0,19.399999999999977,0.0,8.0,9.0
ppo,relaxed,40013,10,1.0,5.0,17.0,3300.0,28.30000000000001,0.0,7.0,9.0
ppo,relaxed,40013,11,1.0,5.0,15.0,3475.0,37.900000000000006,0.0,7.0,9.0
ppo,relaxed,40013,12,1.0,5.0,16.0,3175.0,17.900000000000006,0.0,6.0,9.0
ppo,relaxed,40013,13,1.0,5.0,19.0,3650.0,39.099999999999966,0.0,8.0,9.0
ppo,relaxed,40014,0,1.0,5.0,4.0,550.0,10.3,0.0,0.0,3.0
ppo,relaxed,40014,1,1.0,5.0,5.0,650.0,13.099999999999998,0.0,0.0,4.0
ppo,relaxed,40014,2,1.0,5.0,18.0,2825.0,30.9,0.0,6.0,6.0
ppo,relaxed,40014,3,1.0,5.0,16.0,3050.0,20.200000000000003,0.0,7.0,6.0
ppo,relaxed,40014,4,1.0,5.0,18.0,3375.0,29.099999999999994,0.0,8.0,7.0
ppo,relaxed,40014,5,1.0,5.0,16.0,3550.0,27.5,0.0,7.0,7.0
ppo,relaxed,40014,6,1.0,5.0,15.0,3625.0,28.400000000000006,0.0,8.0,8.0
ppo,relaxed,40014,7,1.0,5.0,17.0,3475.0,34.400000000000006,0.0,6.0,8.0
ppo,relaxed,40014,8,1.0,5.0,16.0,3375.0,31.799999999999983,0.0,7.0,9.0
ppo,relaxed,40014,9,1.0,5.0,16.0,3075.0,21.30000000000001,0.0,6.0,9.0
ppo,relaxed,40014,10,1.0,5.0,16.0,3325.0,36.0,0.0,6.0,9.0
ppo,relaxed,40014,11,1.0,5.0,17.0,2950.0,29.30000000000001,0.0,6.0,9.0
ppo,relaxed,40014,12,1.0,5.0,21.0,3400.0,46.80000000000001,0.0,7.0,9.0
ppo,relaxed,40014,13,1.0,5.0,20.0,3950.0,52.39999999999998,0.0,8.0,9.0
ppo,relaxed,40015,0,1.0,5.0,4.0,550.0,8.5,0.0,0.0,3.0
ppo,relaxed,40015,1,1.0,5.0,5.0,650.0,10.7,0.0,0.0,4.0
ppo,relaxed,40015,2,1.0,5.0,14.0,3050.0,22.7,0.0,5.0,6.0
ppo,relaxed,40015,3,1.0,5.0,15.0,3125.0,25.199999999999996,0.0,6.0,6.0
ppo,relaxed,40015,4,1.0,5.0,13.0,3200.0,20.900000000000006,0.0,7.0,7.0
ppo,relaxed,40015,5,1.0,5.0,14.0,3250.0,31.099999999999994,0.0,7.0,7.0
ppo,relaxed,40015,6,1.0,5.0,14.0,3125.0,28.80000000000001,0.0,6.0,8.0
ppo,relaxed,40015,7,1.0,5.0,15.0,3575.0,29.900000000000006,0.0,8.0,8.0
ppo,relaxed,40015,8,1.0,5.0,16.0,3700.0,24.19999999999999,0.0,8.0,9.0
ppo,relaxed,40015,9,1.0,5.0,21.0,3550.0,46.5,0.0,8.0,9.0
ppo,relaxed,40015,10,1.0,5.0,18.0,3350.0,23.30000000000001,0.0,6.0,9.0
ppo,relaxed,40015,11,1.0,5.0,14.0,3225.0,26.69999999999999,0.0,6.0,9.0
ppo,relaxed,40015,12,1.0,5.0,18.0,3275.0,28.5,0.0,8.0,9.0
ppo,relaxed,40015,13,1.0,5.0,17.0,3800.0,32.80000000000001,0.0,8.0,9.0
ppo,relaxed,40016,0,1.0,5.0,4.0,550.0,21.1,0.0,0.0,3.0
ppo,relaxed,40016,1,1.0,5.0,5.0,650.0,8.799999999999997,0.0,0.0,4.0
ppo,relaxed,40016,2,1.0,5.0,12.0,2850.0,27.800000000000004,0.0,5.0,6.0
ppo,relaxed,40016,3,1.0,5.0,13.0,3125.0,24.5,0.0,7.0,6.0
ppo,relaxed,40016,4,1.0,5.0,16.0,3375.0,23.700000000000003,0.0,7.0,7.0
ppo,relaxed,40016,5,1.0,5.0,20.0,3450.0,21.5,0.0,8.0,7.0
ppo,relaxed,40016,6,1.0,5.0,19.0,3375.0,27.599999999999994,0.0,8.0,8.0
ppo,relaxed,40016,7,1.0,5.0,16.0,3450.0,27.099999999999994,0.0,8.0,8.0
ppo,relaxed,40016,8,1.0,5.0,14.0,3400.0,28.599999999999994,0.0,8.0,9.0
ppo,relaxed,40016,9,1.0,5.0,16.0,3650.0,16.600000000000023,0.0,8.0,9.0
ppo,relaxed,40016,10,1.0,5.0,14.0,3250.0,35.0,0.0,6.0,9.0
ppo,relaxed,40016,11,1.0,5.0,13.0,3375.0,23.899999999999977,0.0,7.0,9.0
ppo,relaxed,40016,12,1.0,5.0,19.0,3550.0,46.900000000000034,0.0,7.0,9.0
ppo,relaxed,40016,13,1.0,5.0,21.0,3500.0,28.099999999999966,0.0,6.0,9.0
ppo,relaxed,40017,0,1.0,5.0,4.0,550.0,8.7,0.0,0.0,3.0
ppo,relaxed,40017,1,1.0,5.0,5.0,650.0,6.100000000000001,0.0,0.0,4.0
ppo,relaxed,40017,2,1.0,5.0,14.0,3150.0,27.499999999999996,0.0,6.0,6.0
ppo,relaxed,40017,3,1.0,5.0,12.0,2950.0,29.299999999999997,0.0,5.0,6.0
ppo,relaxed,40017,4,1.0,5.0,16.0,3625.0,39.10000000000001,0.0,8.0,7.0
ppo,relaxed,40017,5,1.0,5.0,16.0,2850.0,20.999999999999986,0.0,6.0,7.0
ppo,relaxed,40017,6,1.0,5.0,14.0,3250.0,29.900000000000006,0.0,7.0,8.0
ppo,relaxed,40017,7,1.0,5.0,18.0,3400.0,24.099999999999994,0.0,7.0,8.0
ppo,relaxed,40017,8,1.0,5.0,14.0,3200.0,17.30000000000001,0.0,7.0,9.0
ppo,relaxed,40017,9,1.0,5.0,13.0,3375.0,45.0,0.0,8.0,9.0
ppo,relaxed,40017,10,1.0,5.0,16.0,3300.0,25.899999999999977,0.0,6.0,9.0
ppo,relaxed,40017,11,1.0,5.0,16.0,3275.0,30.0,0.0,6.0,9.0
ppo,relaxed,40017,12,1.0,5.0,17.0,3275.0,46.700000000000045,0.0,6.0,9.0
ppo,relaxed,40017,13,1.0,5.0,12.0,3200.0,21.0,0.0,7.0,9.0
ppo,relaxed,40018,0,1.0,5.0,4.0,550.0,9.5,0.0,0.0,3.0
ppo,relaxed,40018,1,1.0,5.0,5.0,650.0,9.8,0.0,0.0,4.0
ppo,relaxed,40018,2,1.0,5.0,13.0,3075.0,34.900000000000006,0.0,6.0,6.0
ppo,relaxed,40018,3,1.0,5.0,13.0,2950.0,34.89999999999999,0.0,6.0,6.0
ppo,relaxed,40018,4,1.0,5.0,17.0,3400.0,35.80000000000001,0.0,8.0,7.0
ppo,relaxed,40018,5,1.0,5.0,12.0,2850.0,17.0,0.0,5.0,7.0
ppo,relaxed,40018,6,1.0,5.0,17.0,3600.0,31.599999999999994,0.0,7.0,8.0
ppo,relaxed,40018,7,1.0,5.0,16.0,3600.0,38.19999999999999,0.0,7.0,8.0
ppo,relaxed,40018,8,1.0,5.0,19.0,3575.0,21.700000000000017,0.0,7.0,9.0
ppo,relaxed,40018,9,1.0,5.0,17.0,3450.0,20.0,0.0,8.0,9.0
ppo,relaxed,40018,10,1.0,5.0,19.0,3325.0,44.400000000000006,0.0,6.0,9.0
ppo,relaxed,40018,11,1.0,5.0,20.0,3750.0,35.80000000000001,0.0,8.0,9.0
ppo,relaxed,40018,12,1.0,5.0,15.0,3050.0,20.69999999999999,0.0,6.0,9.0
ppo,relaxed,40018,13,1.0,5.0,16.0,3675.0,20.099999999999966,0.0,7.0,9.0
ppo,relaxed,40019,0,1.0,5.0,4.0,550.0,7.1,0.0,0.0,3.0
ppo,relaxed,40019,1,1.0,5.0,5.0,650.0,9.200000000000001,0.0,0.0,4.0
ppo,relaxed,40019,2,1.0,5.0,12.0,2625.0,25.099999999999998,0.0,4.0,6.0
ppo,relaxed,40019,3,1.0,5.0,11.0,3000.0,16.1,0.0,6.0,6.0
ppo,relaxed,40019,4,1.0,5.0,11.0,3100.0,32.3,0.0,6.0,7.0
ppo,relaxed,40019,5,1.0,5.0,15.0,3100.0,29.799999999999997,0.0,6.0,7.0
ppo,relaxed,40019,6,1.0,5.0,17.0,3000.0,15.5,0.0,6.0,8.0
ppo,relaxed,40019,7,1.0,5.0,17.0,3275.0,26.80000000000001,0.0,8.0,8.0
ppo,relaxed,40019,8,1.0,5.0,16.0,3475.0,23.900000000000006,0.0,7.0,9.0
ppo,relaxed,40019,9,1.0,5.0,20.0,3200.0,25.799999999999983,0.0,7.0,9.0
ppo,relaxed,40019,10,1.0,5.0,15.0,3525.0,29.099999999999994,0.0,7.0,9.0
ppo,relaxed,40019,11,1.0,5.0,16.0,3225.0,30.400000000000034,0.0,6.0,9.0
ppo,relaxed,40019,12,1.0,5.0,18.0,3225.0,33.39999999999998,0.0,6.0,9.0
ppo,relaxed,40019,13,1.0,5.0,16.0,3075.0,34.30000000000001,0.0,6.0,9.0
ppo,relaxed,40020,0,1.0,5.0,4.0,550.0,10.7,0.0,0.0,3.0
ppo,relaxed,40020,1,1.0,5.0,5.0,650.0,10.3,0.0,0.0,4.0
ppo,relaxed,40020,2,1.0,5.0,11.0,2600.0,32.9,0.0,4.0,6.0
ppo,relaxed,40020,3,1.0,5.0,15.0,3200.0,51.6,0.0,7.0,6.0
ppo,relaxed,40020,4,1.0,5.0,15.0,3000.0,25.80000000000001,0.0,7.0,7.0
ppo,relaxed,40020,5,1.0,5.0,13.0,3000.0,30.799999999999983,0.0,6.0,7.0
ppo,relaxed,40020,6,1.0,5.0,12.0,3200.0,37.0,0.0,7.0,8.0
ppo,relaxed,40020,7,1.0,5.0,16.0,3425.0,25.400000000000006,0.0,8.0,8.0
ppo,relaxed,40020,8,1.0,5.0,16.0,3600.0,39.89999999999998,0.0,8.0,9.0
ppo,relaxed,40020,9,1.0,5.0,13.0,3500.0,22.600000000000023,0.0,6.0,9.0
ppo,relaxed,40020,10,1.0,5.0,16.0,3425.0,37.89999999999998,0.0,8.0,9.0
ppo,relaxed,40020,11,1.0,5.0,21.0,3875.0,32.900000000000034,0.0,8.0,9.0
ppo,relaxed,40020,12,1.0,5.0,15.0,3075.0,18.099999999999966,0.0,6.0,9.0
ppo,relaxed,40020,13,1.0,5.0,18.0,3625.0,17.0,0.0,7.0,9.0
ppo,relaxed,40021,0,1.0,5.0,4.0,550.0,5.7,0.0,0.0,3.0
ppo,relaxed,40021,1,1.0,5.0,5.0,650.0,9.5,0.0,0.0,4.0
ppo,relaxed,40021,2,1.0,5.0,13.0,2600.0,28.099999999999998,0.0,5.0,6.0
ppo,relaxed,40021,3,1.0,5.0,15.0,2975.0,45.60000000000001,0.0,5.0,6.0
ppo,relaxed,40021,4,1.0,5.0,15.0,3250.0,26.299999999999997,0.0,8.0,7.0
ppo,relaxed,40021,5,1.0,5.0,13.0,2950.0,19.39999999999999,0.0,6.0,7.0
ppo,relaxed,40021,6,1.0,5.0,15.0,2875.0,34.0,0.0,6.0,8.0
ppo,relaxed,40021,7,1.0,5.0,15.0,3125.0,39.400000000000006,0.0,7.0,8.0
ppo,relaxed,40021,8,1.0,5.0,16.0,3900.0,27.0,0.0,8.0,9.0
ppo,relaxed,40021,9,1.0,5.0,13.0,3250.0,21.399999999999977,0.0,6.0,9.0
ppo,relaxed,40021,10,1.0,5.0,16.0,3175.0,37.30000000000001,0.0,6.0,9.0
ppo,relaxed,40021,11,1.0,5.0,14.0,3300.0,25.5,0.0,8.0,9.0
ppo,relaxed,40021,12,1.0,5.0,12.0,3375.0,28.19999999999999,0.0,7.0,9.0
ppo,relaxed,40021,13,1.0,5.0,14.0,3350.0,23.600000000000023,0.0,6.0,9.0
ppo,relaxed,40022,0,1.0,5.0,4.0,550.0,7.1,0.0,0.0,3.0
ppo,relaxed,40022,1,1.0,5.0,5.0,650.0,13.000000000000002,0.0,0.0,4.0
ppo,relaxed,40022,2,1.0,5.0,15.0,3025.0,30.5,0.0,6.0,6.0
ppo,relaxed,40022,3,1.0,5.0,13.0,2650.0,37.199999999999996,0.0,5.0,6.0
ppo,relaxed,40022,4,1.0,5.0,15.0,3125.0,30.5,0.0,6.0,7.0
ppo,relaxed,40022,5,1.0,5.0,17.0,2925.0,23.89999999999999,0.0,6.0,7.0
ppo,relaxed,40022,6,1.0,5.0,19.0,3675.0,46.70000000000002,0.0,8.0,8.0
ppo,relaxed,40022,7,1.0,5.0,16.0,2975.0,29.69999999999999,0.0,6.0,8.0
ppo,relaxed,40022,8,1.0,5.0,16.0,3250.0,36.400000000000006,0.0,6.0,9.0
ppo,relaxed,40022,9,1.0,5.0,11.0,3300.0,25.600000000000023,0.0,6.0,9.0
ppo,relaxed,40022,10,1.0,5.0,16.0,3400.0,32.89999999999998,0.0,8.0,9.0
ppo,relaxed,40022,11,1.0,5.0,17.0,3475.0,23.600000000000023,0.0,8.0,9.0
ppo,relaxed,40022,12,1.0,5.0,13.0,3325.0,20.799999999999955,0.0,6.0,9.0
ppo,relaxed,40022,13,1.0,5.0,16.0,3375.0,30.400000000000034,0.0,7.0,9.0
ppo,relaxed,40023,0,1.0,5.0,4.0,550.0,12.5,0.0,0.0,3.0
ppo,relaxed,40023,1,1.0,5.0,5.0,650.0,9.8,0.0,0.0,4.0
ppo,relaxed,40023,2,1.0,5.0,14.0,3275.0,24.400000000000002,0.0,6.0,6.0
ppo,relaxed,40023,3,1.0,5.0,14.0,3375.0,31.700000000000003,0.0,6.0,6.0
ppo,relaxed,40023,4,1.0,5.0,13.0,3300.0,26.89999999999999,0.0,6.0,7.0
ppo,relaxed,40023,5,1.0,5.0,18.0,3100.0,34.8,0.0,7.0,7.0
ppo,relaxed,40023,6,1.0,5.0,14.0,3150.0,23.700000000000017,0.0,6.0,8.0
ppo,relaxed,40023,7,1.0,5.0,16.0,3850.0,34.29999999999998,0.0,8.0,8.0
ppo,relaxed,40023,8,1.0,5.0,16.0,3375.0,31.700000000000017,0.0,8.0,9.0
ppo,relaxed,40023,9,1.0,5.0,14.0,2950.0,25.5,0.0,6.0,9.0
ppo,relaxed,40023,10,1.0,5.0,13.0,3300.0,29.5,0.0,6.0,9.0
ppo,relaxed,40023,11,1.0,5.0,10.0,3375.0,25.0,0.0,6.0,9.0
ppo,relaxed,40023,12,1.0,5.0,17.0,3700.0,22.599999999999966,0.0,8.0,9.0
ppo,relaxed,40023,13,1.0,5.0,16.0,3525.0,19.600000000000023,0.0,8.0,9.0
ppo,relaxed,40024,0,1.0,5.0,4.0,550.0,7.0,0.0,0.0,3.0
ppo,relaxed,40024,1,1.0,5.0,5.0,650.0,11.100000000000001,0.0,0.0,4.0
ppo,relaxed,40024,2,1.0,5.0,14.0,2850.0,31.6,0.0,6.0,6.0
ppo,relaxed,40024,3,1.0,5.0,12.0,2925.0,34.39999999999999,0.0,7.0,6.0
ppo,relaxed,40024,4,1.0,5.0,16.0,3225.0,28.30000000000001,0.0,7.0,7.0
ppo,relaxed,40024,5,1.0,5.0,14.0,3200.0,31.799999999999983,0.0,6.0,7.0
ppo,relaxed,40024,6,1.0,5.0,14.0,3375.0,19.100000000000023,0.0,7.0,8.0
ppo,relaxed,40024,7,1.0,5.0,15.0,2950.0,14.599999999999994,0.0,6.0,8.0
ppo,relaxed,40024,8,1.0,5.0,17.0,3400.0,37.79999999999998,0.0,6.0,9.0
ppo,relaxed,40024,9,1.0,5.0,15.0,3125.0,28.0,0.0,6.0,9.0
ppo,relaxed,40024,10,1.0,5.0,14.0,3700.0,21.5,0.0,8.0,9.0
ppo,relaxed,40024,11,1.0,5.0,13.0,3225.0,20.19999999999999,0.0,7.0,9.0
ppo,relaxed,40024,12,1.0,5.0,11.0,3075.0,22.5,0.0,6.0,9.0
ppo,relaxed,40024,13,1.0,5.0,12.0,3425.0,29.100000000000023,0.0,7.0,9.0
ppo,relaxed,40025,0,1.0,5.0,4.0,550.0,9.0,0.0,0.0,3.0
ppo,relaxed,40025,1,1.0,5.0,5.0,650.0,10.5,0.0,0.0,4.0
ppo,relaxed,40025,2,1.0,5.0,13.0,2975.0,34.9,0.0,6.0,6.0
ppo,relaxed,40025,3,1.0,5.0,15.0,3200.0,18.800000000000004,0.0,6.0,6.0
ppo,relaxed,40025,4,1.0,5.0,20.0,3250.0,38.599999999999994,0.0,8.0,7.0
ppo,relaxed,40025,5,1.0,5.0,17.0,3450.0,22.700000000000003,0.0,8.0,7.0
ppo,relaxed,40025,6,1.0,5.0,18.0,3350.0,28.400000000000006,0.0,7.0,8.0
ppo,relaxed,40025,7,1.0,5.0,18.0,3425.0,35.900000000000006,0.0,8.0,8.0
ppo,relaxed,40025,8,1.0,5.0,14.0,3300.0,29.299999999999983,0.0,7.0,9.0
ppo,relaxed,40025,9,1.0,5.0,17.0,3300.0,38.900000000000006,0.0,6.0,9.0
ppo,relaxed,40025,10,1.0,5.0,16.0,3225.0,37.5,0.0,6.0,9.0
ppo,relaxed,40025,11,1.0,5.0,20.0,3750.0,31.899999999999977,0.0,8.0,9.0
ppo,relaxed,40025,12,1.0,5.0,13.0,3175.0,21.80000000000001,0.0,6.0,9.0
ppo,relaxed,40025,13,1.0,5.0,19.0,3500.0,31.30000000000001,0.0,7.0,9.0
ppo,relaxed,40026,0,1.0,5.0,4.0,550.0,11.7,0.0,0.0,3.0
ppo,relaxed,40026,1,1.0,5.0,5.0,650.0,10.400000000000002,0.0,0.0,4.0
ppo,relaxed,40026,2,1.0,5.0,12.0,2675.0,35.3,0.0,5.0,6.0
ppo,relaxed,40026,3,1.0,5.0,15.0,3100.0,32.50000000000001,0.0,7.0,6.0
ppo,relaxed,40026,4,1.0,5.0,15.0,3375.0,31.799999999999997,0.0,7.0,7.0
ppo,relaxed,40026,5,1.0,5.0,15.0,3150.0,48.7,0.0,6.0,7.0
ppo,relaxed,40026,6,1.0,5.0,15.0,3225.0,32.599999999999994,0.0,6.0,8.0
ppo,relaxed,40026,7,1.0,5.0,14.0,3525.0,34.900000000000006,0.0,8.0,8.0
ppo,relaxed,40026,8,1.0,5.0,15.0,3150.0,20.200000000000017,0.0,7.0,9.0
ppo,relaxed,40026,9,1.0,5.0,13.0,3150.0,37.799999999999955,0.0,6.0,9.0
ppo,relaxed,40026,10,1.0,5.0,15.0,3425.0,34.30000000000001,0.0,7.0,9.0
ppo,relaxed,40026,11,1.0,5.0,19.0,3625.0,32.5,0.0,8.0,9.0
ppo,relaxed,40026,12,1.0,5.0,17.0,3350.0,38.10000000000002,0.0,7.0,9.0
ppo,relaxed,40026,13,1.0,5.0,17.0,3475.0,29.099999999999966,0.0,8.0,9.0
ppo,relaxed,40027,0,1.0,5.0,4.0,550.0,10.6,0.0,0.0,3.0
ppo,relaxed,40027,1,1.0,5.0,5.0,650.0,11.000000000000002,0.0,0.0,4.0
ppo,relaxed,40027,2,1.0,5.0,12.0,2600.0,23.6,0.0,4.0,6.0
ppo,relaxed,40027,3,1.0,5.0,17.0,3100.0,18.699999999999996,0.0,6.0,6.0
ppo,relaxed,40027,4,1.0,5.0,16.0,3000.0,20.1,0.0,7.0,7.0
ppo,relaxed,40027,5,1.0,5.0,18.0,3300.0,38.2,0.0,7.0,7.0
ppo,relaxed,40027,6,1.0,5.0,14.0,3350.0,23.60000000000001,0.0,7.0,8.0
ppo,relaxed,40027,7,1.0,5.0,16.0,3150.0,29.0,0.0,6.0,8.0
ppo,relaxed,40027,8,1.0,5.0,15.0,3350.0,22.899999999999977,0.0,6.0,9.0
ppo,relaxed,40027,9,1.0,5.0,18.0,3550.0,39.10000000000002,0.0,8.0,9.0
ppo,relaxed,40027,10,1.0,5.0,15.0,3400.0,26.899999999999977,0.0,7.0,9.0
ppo,relaxed,40027,11,1.0,5.0,19.0,3325.0,43.0,0.0,6.0,9.0
ppo,relaxed,40027,12,1.0,5.0,13.0,3300.0,23.30000000000001,0.0,8.0,9.0
ppo,relaxed,40027,13,1.0,5.0,20.0,3850.0,37.39999999999998,0.0,8.0,9.0
ppo,relaxed,40028,0,1.0,5.0,4.0,550.0,18.9,0.0,0.0,3.0
ppo,relaxed,40028,1,1.0,5.0,5.0,650.0,10.8,0.0,0.0,4.0
ppo,relaxed,40028,2,1.0,5.0,14.0,2675.0,23.000000000000004,0.0,5.0,6.0
ppo,relaxed,40028,3,1.0,5.0,12.0,2775.0,25.599999999999994,0.0,5.0,6.0
ppo,relaxed,40028,4,1.0,5.0,16.0,3350.0,26.0,0.0,7.0,7.0
ppo,relaxed,40028,5,1.0,5.0,20.0,3375.0,40.000000000000014,0.0,7.0,7.0
ppo,relaxed,40028,6,1.0,5.0,14.0,2975.0,42.79999999999998,0.0,6.0,8.0
ppo,relaxed,40028,7,1.0,5.0,16.0,3200.0,41.20000000000002,0.0,7.0,8.0
ppo,relaxed,40028,8,1.0,5.0,15.0,3150.0,32.69999999999999,0.0,6.0,9.0
ppo,relaxed,40028,9,1.0,5.0,17.0,3275.0,37.69999999999999,0.0,6.0,9.0
ppo,relaxed,40028,10,1.0,5.0,19.0,3850.0,35.400000000000034,0.0,8.0,9.0
ppo,relaxed,40028,11,1.0,5.0,16.0,3750.0,24.19999999999999,0.0,8.0,9.0
ppo,relaxed,40028,12,1.0,5.0,14.0,3300.0,27.5,0.0,6.0,9.0
ppo,relaxed,40028,13,1.0,5.0,17.0,3750.0,34.80000000000001,0.0,8.0,9.0
ppo,relaxed,40029,0,1.0,5.0,4.0,550.0,8.7,0.0,0.0,3.0
ppo,relaxed,40029,1,1.0,5.0,5.0,650.0,10.100000000000001,0.0,0.0,4.0
ppo,relaxed,40029,2,1.0,5.0,14.0,2675.0,39.8,0.0,4.0,6.0
ppo,relaxed,40029,3,1.0,5.0,14.0,2750.0,23.199999999999996,0.0,6.0,6.0
ppo,relaxed,40029,4,1.0,5.0,12.0,3250.0,29.900000000000006,0.0,6.0,7.0
ppo,relaxed,40029,5,1.0,5.0,13.0,3125.0,32.89999999999999,0.0,7.0,7.0
ppo,relaxed,40029,6,1.0,5.0,17.0,3425.0,26.599999999999994,0.0,6.0,8.0
ppo,relaxed,40029,7,1.0,5.0,15.0,3125.0,18.600000000000023,0.0,6.0,8.0
ppo,relaxed,40029,8,1.0,5.0,18.0,3200.0,33.599999999999994,0.0,8.0,9.0
ppo,relaxed,40029,9,1.0,5.0,15.0,3575.0,46.70000000000002,0.0,7.0,9.0
ppo,relaxed,40029,10,1.0,5.0,14.0,3275.0,17.0,0.0,7.0,9.0
ppo,relaxed,40029,11,1.0,5.0,16.0,3800.0,30.799999999999955,0.0,8.0,9.0
ppo,relaxed,40029,12,1.0,5.0,13.0,3475.0,30.0,0.0,7.0,9.0
ppo,relaxed,40029,13,1.0,5.0,12.0,3300.0,34.400000000000034,0.0,7.0,9.0
ppo,relaxed,40030,0,1.0,5.0,4.0,550.0,9.2,0.0,0.0,3.0
ppo,relaxed,40030,1,1.0,5.0,5.0,650.0,10.3,0.0,0.0,4.0
ppo,relaxed,40030,2,1.0,5.0,14.0,2900.0,26.700000000000003,0.0,6.0,6.0
ppo,relaxed,40030,3,1.0,5.0,17.0,3350.0,40.099999999999994,0.0,7.0,6.0
ppo,relaxed,40030,4,1.0,5.0,17.0,3175.0,30.60000000000001,0.0,7.0,7.0
ppo,relaxed,40030,5,1.0,5.0,14.0,3125.0,38.79999999999998,0.0,6.0,7.0
ppo,relaxed,40030,6,1.0,5.0,14.0,3275.0,23.700000000000017,0.0,6.0,8.0
ppo,relaxed,40030,7,1.0,5.0,14.0,3125.0,22.900000000000006,0.0,7.0,8.0
ppo,relaxed,40030,8,1.0,5.0,15.0,3075.0,32.79999999999998,0.0,6.0,9.0
ppo,relaxed,40030,9,1.0,5.0,13.0,3450.0,29.700000000000017,0.0,7.0,9.0
ppo,relaxed,40030,10,1.0,5.0,16.0,3850.0,55.5,0.0,8.0,9.0
ppo,relaxed,40030,11,1.0,5.0,15.0,3225.0,22.5,0.0,6.0,9.0
ppo,relaxed,40030,12,1.0,5.0,15.0,3300.0,24.19999999999999,0.0,6.0,9.0
ppo,relaxed,40030,13,1.0,5.0,20.0,3725.0,43.10000000000002,0.0,8.0,9.0
ppo,relaxed,40031,0,1.0,5.0,4.0,550.0,8.8,0.0,0.0,3.0
ppo,relaxed,40031,1,1.0,5.0,5.0,650.0,8.399999999999999,0.0,0.0,4.0
ppo,relaxed,40031,2,1.0,5.0,12.0,2875.0,16.8,0.0,5.0,6.0
ppo,relaxed,40031,3,1.0,5.0,13.0,2950.0,25.700000000000003,0.0,5.0,6.0
ppo,relaxed,40031,4,1.0,5.0,17.0,3100.0,29.89999999999999,0.0,8.0,7.0
ppo,relaxed,40031,5,1.0,5.0,14.0,3275.0,32.10000000000001,0.0,7.0,7.0
ppo,relaxed,40031,6,1.0,5.0,19.0,3625.0,30.39999999999999,0.0,8.0,8.0
ppo,relaxed,40031,7,1.0,5.0,14.0,3125.0,26.099999999999994,0.0,6.0,8.0
ppo,relaxed,40031,8,1.0,5.0,17.0,3400.0,32.10000000000002,0.0,7.0,9.0
ppo,relaxed,40031,9,1.0,5.0,16.0,3475.0,27.599999999999994,0.0,8.0,9.0
ppo,relaxed,40031,10,1.0,5.0,14.0,3200.0,35.70000000000002,0.0,6.0,9.0
ppo,relaxed,40031,11,1.0,5.0,18.0,3325.0,51.299999999999955,0.0,6.0,9.0
ppo,relaxed,40031,12,1.0,5.0,17.0,3375.0,37.30000000000001,0.0,7.0,9.0
ppo,relaxed,40031,13,1.0,5.0,16.0,3100.0,27.19999999999999,0.0,6.0,9.0
ppo,normal,40000,0,1.0,3.0,4.0,550.0,10.5,0.0,0.0,3.0
ppo,normal,40000,1,1.0,3.0,5.0,650.0,11.2,0.0,0.0,4.0
ppo,normal,40000,2,1.0,5.0,17.0,3720.0,23.099999999999998,0.0,6.0,6.0
ppo,normal,40000,3,1.0,5.0,14.0,3960.0,24.400000000000006,0.0,7.0,6.0
ppo,normal,40000,4,1.0,5.0,18.0,4250.0,50.099999999999994,0.0,8.0,7.0
ppo,normal,40000,5,1.0,5.0,15.0,4145.0,33.500000000000014,0.0,6.0,7.0
ppo,normal,40000,6,1.0,5.0,14.0,4145.0,28.19999999999999,0.0,6.0,8.0
ppo,normal,40000,7,1.0,5.0,16.0,4400.0,20.19999999999999,0.0,7.0,8.0
ppo,normal,40000,8,1.0,5.0,15.0,4365.0,26.900000000000006,0.0,8.0,9.0
ppo,normal,40000,9,1.0,5.0,18.0,4140.0,31.799999999999983,0.0,6.0,9.0
ppo,normal,40000,10,1.0,5.0,17.0,4145.0,28.200000000000045,0.0,7.0,9.0
ppo,normal,40000,11,1.0,5.0,16.0,4480.0,27.19999999999999,0.0,6.0,9.0
ppo,normal,40000,12,1.0,5.0,16.0,4645.0,43.0,0.0,8.0,9.0
ppo,normal,40000,13,1.0,5.0,16.0,4610.0,29.399999999999977,0.0,8.0,9.0
ppo,normal,40001,0,1.0,3.0,4.0,550.0,12.7,0.0,0.0,3.0
ppo,normal,40001,1,1.0,3.0,5.0,650.0,7.300000000000001,0.0,0.0,4.0
ppo,normal,40001,2,1.0,4.0,14.0,3565.0,36.7,0.0,5.0,6.0
ppo,normal,40001,3,1.0,5.0,16.0,3755.0,27.5,0.0,5.0,6.0
ppo,normal,40001,4,1.0,5.0,16.0,4890.0,26.299999999999997,0.0,7.0,7.0
ppo,normal,40001,5,1.0,5.0,15.0,4135.0,29.19999999999999,0.0,7.0,7.0
ppo,normal,40001,6,1.0,5.0,17.0,4680.0,27.200000000000017,0.0,8.0,8.0
ppo,normal,40001,7,1.0,5.0,17.0,3800.0,30.19999999999999,0.0,6.0,8.0
ppo,normal,40001,8,1.0,5.0,17.0,4695.0,23.5,0.0,7.0,9.0
ppo,normal,40001,9,1.0,5.0,15.0,4235.0,29.400000000000006,0.0,7.0,9.0
ppo,normal,40001,10,1.0,5.0,14.0,4280.0,22.69999999999999,0.0,6.0,9.0
ppo,normal,40001,11,1.0,5.0,14.0,4175.0,35.5,0.0,7.0,9.0
ppo,normal,40001,12,1.0,5.0,14.0,4320.0,18.400000000000034,0.0,7.0,9.0
ppo,normal,40001,13,1.0,5.0,14.0,4155.0,27.899999999999977,0.0,7.0,9.0
ppo,normal,40002,0,1.0,3.0,4.0,550.0,10.2,0.0,0.0,3.0
ppo,normal,40002,1,1.0,3.0,5.0,650.0,13.900000000000002,0.0,0.0,4.0
ppo,normal,40002,2,1.0,4.0,15.0,3630.0,22.6,0.0,6.0,6.0
ppo,normal,40002,3,1.0,5.0,14.0,4200.0,30.0,0.0,7.0,6.0
ppo,normal,40002,4,1.0,5.0,18.0,4040.0,41.0,0.0,8.0,7.0
ppo,normal,40002,5,1.0,5.0,16.0,4275.0,30.60000000000001,0.0,7.0,7.0
ppo,normal,40002,6,1.0,5.0,16.0,4095.0,23.299999999999983,0.0,6.0,8.0
ppo,normal,40002,7,1.0,5.0,16.0,3835.0,29.599999999999994,0.0,6.0,8.0
ppo,normal,40002,8,1.0,5.0,15.0,4770.0,28.400000000000006,0.0,7.0,9.0
ppo,normal,40002,9,1.0,5.0,20.0,4845.0,28.700000000000017,0.0,8.0,9.0
ppo,normal,40002,10,1.0,5.0,18.0,4345.0,28.099999999999966,0.0,7.0,9.0
ppo,normal,40002,11,1.0,5.0,18.0,4255.0,27.600000000000023,0.0,7.0,9.0
ppo,normal,40002,12,1.0,5.0,16.0,4455.0,22.100000000000023,0.0,8.0,9.0
ppo,normal,40002,13,1.0,5.0,14.0,4085.0,44.5,0.0,8.0,9.0
ppo,normal,40003,0,1.0,3.0,4.0,550.0,14.5,0.0,0.0,3.0
ppo,normal,40003,1,1.0,3.0,5.0,650.0,9.100000000000001,0.0,0.0,4.0
ppo,normal,40003,2,1.0,4.0,17.0,3575.0,35.3,0.0,6.0,6.0
ppo,normal,40003,3,1.0,5.0,16.0,3765.0,31.9,0.0,5.0,6.0
ppo,normal,40003,4,1.0,5.0,12.0,3820.0,33.3,0.0,6.0,7.0
ppo,normal,40003,5,1.0,5.0,15.0,4140.0,36.20000000000002,0.0,6.0,7.0
ppo,normal,40003,6,1.0,5.0,20.0,4580.0,22.69999999999999,0.0,8.0,8.0
ppo,normal,40003,7,1.0,5.0,17.0,4260.0,24.400000000000006,0.0,6.0,8.0
ppo,normal,40003,8,1.0,5.0,16.0,4495.0,33.599999999999994,0.0,7.0,9.0
ppo,normal,40003,9,1.0,5.0,16.0,4570.0,33.0,0.0,8.0,9.0
ppo,normal,40003,10,1.0,5.0,21.0,4760.0,44.10000000000002,0.0,8.0,9.0
ppo,normal,40003,11,1.0,5.0,18.0,4420.0,33.299999999999955,0.0,7.0,9.0
ppo,normal,40003,12,1.0,5.0,19.0,4095.0,18.30000000000001,0.0,8.0,9.0
ppo,normal,40003,13,1.0,5.0,17.0,4175.0,35.19999999999999,0.0,6.0,9.0
ppo,normal,40004,0,1.0,3.0,4.0,550.0,8.6,0.0,0.0,3.0
ppo,normal,40004,1,1.0,3.0,5.0,650.0,8.500000000000002,0.0,0.0,4.0
ppo,normal,40004,2,1.0,5.0,12.0,3485.0,19.699999999999996,0.0,4.0,6.0
ppo,normal,40004,3,1.0,5.0,12.0,4165.0,21.5,0.0,6.0,6.0
ppo,normal,40004,4,1.0,5.0,16.0,4350.0,30.700000000000003,0.0,7.0,7.0
ppo,normal,40004,5,1.0,5.0,14.0,4430.0,15.099999999999994,0.0,7.0,7.0
ppo,normal,40004,6,1.0,5.0,17.0,4185.0,29.599999999999994,0.0,6.0,8.0
ppo,normal,40004,7,1.0,5.0,16.0,4305.0,27.100000000000023,0.0,7.0,8.0
ppo,normal,40004,8,1.0,5.0,8.0,4160.0,14.5,0.0,6.0,9.0
ppo,normal,40004,9,1.0,5.0,15.0,4860.0,34.599999999999994,0.0,8.0,9.0
ppo,normal,40004,10,1.0,5.0,15.0,4550.0,25.799999999999983,0.0,7.0,9.0
ppo,normal,40004,11,1.0,5.0,15.0,4690.0,16.30000000000001,0.0,8.0,9.0
ppo,normal,40004,12,1.0,5.0,12.0,4205.0,12.5,0.0,6.0,9.0
ppo,normal,40004,13,1.0,5.0,18.0,4165.0,41.5,0.0,7.0,9.0
ppo,normal,40005,0,1.0,3.0,4.0,550.0,10.8,0.0,0.0,3.0
ppo,normal,40005,1,1.0,3.0,5.0,650.0,12.5,0.0,0.0,4.0
ppo,normal,40005,2,1.0,5.0,9.0,3575.0,15.099999999999998,0.0,4.0,6.0
ppo,normal,40005,3,1.0,5.0,12.0,3510.0,34.1,0.0,5.0,6.0
ppo,normal,40005,4,1.0,5.0,16.0,4365.0,26.599999999999994,0.0,6.0,7.0
ppo,normal,40005,5,1.0,5.0,15.0,4510.0,29.0,0.0,6.0,7.0
ppo,normal,40005,6,1.0,5.0,15.0,4290.0,41.400000000000006,0.0,8.0,8.0
ppo,normal,40005,7,1.0,5.0,19.0,4245.0,33.599999999999994,0.0,6.0,8.0
ppo,normal,40005,8,1.0,5.0,12.0,4220.0,33.5,0.0,6.0,9.0
ppo,normal,40005,9,1.0,5.0,16.0,3845.0,28.700000000000017,0.0,7.0,9.0
ppo,normal,40005,10,1.0,5.0,15.0,4290.0,26.80000000000001,0.0,7.0,9.0
ppo,normal,40005,11,1.0,5.0,17.0,4625.0,30.399999999999977,0.0,8.0,9.0
ppo,normal,40005,12,1.0,5.0,16.0,4500.0,25.399999999999977,0.0,7.0,9.0
ppo,normal,40005,13,1.0,5.0,21.0,4375.0,30.30000000000001,0.0,7.0,9.0
ppo,normal,40006,0,1.0,3.0,4.0,550.0,19.9,0.0,0.0,3.0
ppo,normal,40006,1,1.0,3.0,5.0,650.0,12.0,0.0,0.0,4.0
ppo,normal,40006,2,1.0,5.0,13.0,3480.0,17.6,0.0,5.0,6.0
ppo,normal,40006,3,1.0,5.0,13.0,3985.0,39.7,0.0,6.0,6.0
ppo,normal,40006,4,1.0,5.0,16.0,4010.0,29.799999999999997,0.0,8.0,7.0
ppo,normal,40006,5,1.0,5.0,16.0,4435.0,29.69999999999999,0.0,8.0,7.0
ppo,normal,40006,6,1.0,5.0,15.0,4250.0,30.0,0.0,8.0,8.0
ppo,normal,40006,7,1.0,5.0,15.0,4180.0,17.100000000000023,0.0,7.0,8.0
ppo,normal,40006,8,1.0,5.0,21.0,4520.0,23.19999999999999,0.0,7.0,9.0
ppo,normal,40006,9,1.0,5.0,16.0,4395.0,33.0,0.0,8.0,9.0
ppo,normal,40006,10,1.0,5.0,17.0,4405.0,37.10000000000002,0.0,8.0,9.0
ppo,normal,40006,11,1.0,5.0,14.0,4045.0,33.299999999999955,0.0,6.0,9.0
ppo,normal,40006,12,1.0,5.0,16.0,4555.0,27.700000000000045,0.0,8.0,9.0
ppo,normal,40006,13,1.0,5.0,19.0,4585.0,49.89999999999998,0.0,8.0,9.0
ppo,normal,40007,0,1.0,3.0,4.0,550.0,8.5,0.0,0.0,3.0
ppo,normal,40007,1,1.0,3.0,5.0,650.0,7.699999999999999,0.0,0.0,4.0
ppo,normal,40007,2,1.0,5.0,16.0,3630.0,32.3,0.0,5.0,6.0
ppo,normal,40007,3,1.0,5.0,17.0,4210.0,29.099999999999994,0.0,6.0,6.0
ppo,normal,40007,4,1.0,5.0,17.0,4265.0,31.400000000000006,0.0,8.0,7.0
ppo,normal,40007,5,1.0,5.0,14.0,4520.0,28.30000000000001,0.0,8.0,7.0
ppo,normal,40007,6,1.0,5.0,12.0,4115.0,41.79999999999998,0.0,6.0,8.0
ppo,normal,40007,7,1.0,5.0,18.0,4280.0,52.80000000000001,0.0,6.0,8.0
ppo,normal,40007,8,1.0,5.0,16.0,4295.0,28.49999999999997,0.0,7.0,9.0
ppo,normal,40007,9,1.0,5.0,18.0,4905.0,22.200000000000045,0.0,8.0,9.0
ppo,normal,40007,10,1.0,5.0,12.0,4310.0,29.099999999999966,0.0,6.0,9.0
ppo,normal,40007,11,1.0,5.0,18.0,4435.0,24.80000000000001,0.0,8.0,9.0
ppo,normal,40007,12,1.0,5.0,17.0,4140.0,31.69999999999999,0.0,6.0,9.0
ppo,normal,40007,13,1.0,5.0,19.0,4450.0,20.80000000000001,0.0,6.0,9.0
ppo,normal,40008,0,1.0,3.0,4.0,550.0,7.3,0.0,0.0,3.0
ppo,normal,40008,1,1.0,3.0,5.0,650.0,14.7,0.0,0.0,4.0
ppo,normal,40008,2,1.0,5.0,13.0,3670.0,28.4,0.0,4.0,6.0
ppo,normal,40008,3,1.0,5.0,13.0,4045.0,28.300000000000004,0.0,6.0,6.0
ppo,normal,40008,4,1.0,5.0,17.0,3790.0,31.89999999999999,0.0,6.0,7.0
ppo,normal,40008,5,1.0,5.0,12.0,4345.0,23.599999999999994,0.0,8.0,7.0
ppo,normal,40008,6,1.0,5.0,18.0,4675.0,45.70000000000002,0.0,8.0,8.0
ppo,normal,40008,7,1.0,5.0,18.0,4720.0,28.5,0.0,8.0,8.0
ppo,normal,40008,8,1.0,5.0,17.0,3990.0,46.0,0.0,7.0,9.0
ppo,normal,40008,9,1.0,5.0,18.0,4455.0,32.70000000000002,0.0,8.0,9.0
ppo,normal,40008,10,1.0,5.0,14.0,4045.0,33.099999999999966,0.0,6.0,9.0
ppo,normal,40008,11,1.0,5.0,14.0,4425.0,25.0,0.0,7.0,9.0
ppo,normal,40008,12,1.0,5.0,13.0,4300.0,25.30000000000001,0.0,6.0,9.0
ppo,normal,40008,13,1.0,5.0,20.0,4640.0,41.19999999999999,0.0,8.0,9.0
ppo,normal,40009,0,1.0,3.0,4.0,550.0,5.8,0.0,0.0,3.0
ppo,normal,40009,1,1.0,3.0,5.0,650.0,9.7,0.0,0.0,4.0
ppo,normal,40009,2,1.0,5.0,12.0,3965.0,16.9,0.0,5.0,6.0
ppo,normal,40009,3,1.0,5.0,17.0,4040.0,26.5,0.0,7.0,6.0
ppo,normal,40009,4,1.0,5.0,18.0,4345.0,23.4,0.0,7.0,7.0
ppo,normal,40009,5,1.0,5.0,13.0,4020.0,33.0,0.0,6.0,7.0
ppo,normal,40009,6,1.0,5.0,16.0,4540.0,21.700000000000003,0.0,8.0,8.0
ppo,normal,40009,7,1.0,5.0,15.0,4315.0,16.69999999999999,0.0,7.0,8.0
ppo,normal,40009,8,1.0,5.0,15.0,4815.0,16.0,0.0,8.0,9.0
ppo,normal,40009,9,1.0,5.0,17.0,4445.0,23.200000000000017,0.0,8.0,9.0
ppo,normal,40009,10,1.0,5.0,15.0,4575.0,25.900000000000006,0.0,6.0,9.0
ppo,normal,40009,11,1.0,5.0,16.0,4220.0,28.099999999999994,0.0,6.0,9.0
ppo,normal,40009,12,1.0,5.0,14.0,4340.0,31.099999999999994,0.0,6.0,9.0
ppo,normal,40009,13,1.0,5.0,17.0,4045.0,33.69999999999999,0.0,6.0,9.0
ppo,normal,40010,0,1.0,3.0,4.0,550.0,9.3,0.0,0.0,3.0
ppo,normal,40010,1,1.0,3.0,5.0,650.0,16.599999999999998,0.0,0.0,4.0
ppo,normal,40010,2,1.0,5.0,15.0,3735.0,24.800000000000004,0.0,5.0,6.0
ppo,normal,40010,3,1.0,5.0,14.0,3755.0,27.700000000000003,0.0,5.0,6.0
ppo,normal,40010,4,1.0,5.0,15.0,4305.0,27.19999999999999,0.0,7.0,7.0
ppo,normal,40010,5,1.0,5.0,15.0,4140.0,36.20000000000002,0.0,7.0,7.0
ppo,normal,40010,6,1.0,5.0,18.0,4825.0,25.69999999999999,0.0,8.0,8.0
ppo,normal,40010,7,1.0,5.0,15.0,4170.0,43.19999999999999,0.0,7.0,8.0
ppo,normal,40010,8,1.0,5.0,16.0,4210.0,39.0,0.0,7.0,9.0
ppo,normal,40010,9,1.0,5.0,17.0,4615.0,21.19999999999999,0.0,7.0,9.0
ppo,normal,40010,10,1.0,5.0,15.0,4235.0,39.400000000000034,0.0,6.0,9.0
ppo,normal,40010,11,1.0,5.0,16.0,4370.0,23.099999999999966,0.0,6.0,9.0
ppo,normal,40010,12,1.0,5.0,16.0,4330.0,27.400000000000034,0.0,8.0,9.0
ppo,normal,40010,13,1.0,5.0,15.0,4655.0,17.0,0.0,8.0,9.0
ppo,normal,40011,0,1.0,3.0,4.0,550.0,11.1,0.0,0.0,3.0
ppo,normal,40011,1,1.0,3.0,5.0,650.0,10.000000000000002,0.0,0.0,4.0
ppo,normal,40011,2,1.0,5.0,14.0,3535.0,34.4,0.0,5.0,6.0
ppo,normal,40011,3,1.0,5.0,10.0,3915.0,21.700000000000003,0.0,6.0,6.0
ppo,normal,40011,4,1.0,5.0,15.0,4545.0,23.0,0.0,6.0,7.0
ppo,normal,40011,5,1.0,5.0,16.0,4095.0,33.89999999999999,0.0,7.0,7.0
ppo,normal,40011,6,1.0,5.0,15.0,4265.0,36.099999999999994,0.0,7.0,8.0
ppo,normal,40011,7,1.0,5.0,17.0,4520.0,18.400000000000006,0.0,8.0,8.0
ppo,normal,40011,8,1.0,5.0,16.0,4525.0,15.900000000000006,0.0,6.0,9.0
ppo,normal,40011,9,1.0,5.0,17.0,4575.0,25.5,0.0,8.0,9.0
ppo,normal,40011,10,1.0,5.0,16.0,4345.0,28.100000000000023,0.0,6.0,9.0
ppo,normal,40011,11,1.0,5.0,17.0,4540.0,31.599999999999966,0.0,8.0,9.0
ppo,normal,40011,12,1.0,5.0,11.0,4345.0,23.69999999999999,0.0,7.0,9.0
ppo,normal,40011,13,1.0,5.0,15.0,4455.0,37.30000000000001,0.0,7.0,9.0
ppo,normal,40012,0,1.0,3.0,4.0,550.0,9.7,0.0,0.0,3.0
ppo,normal,40012,1,1.0,3.0,5.0,650.0,8.100000000000001,0.0,0.0,4.0
ppo,normal,40012,2,1.0,4.0,15.0,3845.0,23.7,0.0,6.0,6.0
ppo,normal,40012,3,1.0,5.0,16.0,3860.0,34.099999999999994,0.0,6.0,6.0
ppo,normal,40012,4,1.0,5.0,15.0,4265.0,31.80000000000001,0.0,7.0,7.0
ppo,normal,40012,5,1.0,5.0,17.0,3875.0,30.69999999999999,0.0,6.0,7.0
ppo,normal,40012,6,1.0,5.0,17.0,4195.0,38.599999999999994,0.0,8.0,8.0
ppo,normal,40012,7,1.0,5.0,17.0,4430.0,27.900000000000006,0.0,7.0,8.0
ppo,normal,40012,8,1.0,5.0,14.0,4190.0,26.30000000000001,0.0,6.0,9.0
ppo,normal,40012,9,1.0,5.0,17.0,4410.0,34.20000000000002,0.0,7.0,9.0
ppo,normal,40012,10,1.0,5.0,15.0,4335.0,34.0,0.0,7.0,9.0
ppo,normal,40012,11,1.0,5.0,13.0,4250.0,30.69999999999999,0.0,6.0,9.0
ppo,normal,40012,12,1.0,5.0,15.0,4590.0,16.399999999999977,0.0,6.0,9.0
ppo,normal,40012,13,1.0,5.0,16.0,4260.0,34.80000000000001,0.0,6.0,9.0
ppo,normal,40013,0,1.0,3.0,4.0,550.0,8.8,0.0,0.0,3.0
ppo,normal,40013,1,1.0,3.0,5.0,650.0,9.899999999999999,0.0,0.0,4.0
ppo,normal,40013,2,1.0,5.0,10.0,3565.0,16.7,0.0,5.0,6.0
ppo,normal,40013,3,1.0,5.0,12.0,4215.0,16.0,0.0,6.0,6.0
ppo,normal,40013,4,1.0,5.0,14.0,4295.0,28.9,0.0,7.0,7.0
ppo,normal,40013,5,1.0,5.0,20.0,3905.0,27.60000000000001,0.0,7.0,7.0
ppo,normal,40013,6,1.0,5.0,10.0,4065.0,26.0,0.0,6.0,8.0
ppo,normal,40013,7,1.0,5.0,13.0,4615.0,21.599999999999994,0.0,7.0,8.0
ppo,normal,40013,8,1.0,5.0,14.0,4290.0,31.900000000000006,0.0,7.0,9.0
ppo,normal,40013,9,1.0,5.0,16.0,4880.0,16.799999999999983,0.0,7.0,9.0
ppo,normal,40013,10,1.0,5.0,15.0,4430.0,27.80000000000001,0.0,8.0,9.0
ppo,normal,40013,11,1.0,5.0,14.0,4330.0,37.69999999999999,0.0,6.0,9.0
ppo,normal,40013,12,1.0,5.0,15.0,4465.0,26.600000000000023,0.0,7.0,9.0
ppo,normal,40013,13,1.0,5.0,16.0,4145.0,28.69999999999999,0.0,6.0,9.0
ppo,normal,40014,0,1.0,3.0,4.0,550.0,6.8,0.0,0.0,3.0
ppo,normal,40014,1,1.0,3.0,5.0,650.0,6.3999999999999995,0.0,0.0,4.0
ppo,normal,40014,2,1.0,4.0,12.0,3135.0,34.3,0.0,5.0,6.0
ppo,normal,40014,3,1.0,5.0,17.0,4595.0,23.400000000000006,0.0,7.0,6.0
ppo,normal,40014,4,1.0,5.0,17.0,4895.0,33.099999999999994,0.0,8.0,7.0
ppo,normal,40014,5,1.0,5.0,15.0,4155.0,22.299999999999997,0.0,7.0,7.0
ppo,normal,40014,6,1.0,5.0,16.0,4200.0,35.000000000000014,0.0,6.0,8.0
ppo,normal,40014,7,1.0,5.0,17.0,4140.0,26.0,0.0,8.0,8.0
ppo,normal,40014,8,1.0,5.0,16.0,4145.0,33.5,0.0,6.0,9.0
ppo,normal,40014,9,1.0,5.0,15.0,4235.0,24.099999999999994,0.0,6.0,9.0
ppo,normal,40014,10,1.0,5.0,17.0,4405.0,32.79999999999998,0.0,7.0,9.0
ppo,normal,40014,11,1.0,5.0,18.0,4225.0,45.400000000000034,0.0,7.0,9.0
ppo,normal,40014,12,1.0,5.0,15.0,4400.0,20.599999999999966,0.0,6.0,9.0
ppo,normal,40014,13,1.0,5.0,17.0,4455.0,27.100000000000023,0.0,8.0,9.0
ppo,normal,40015,0,1.0,3.0,4.0,550.0,7.5,0.0,0.0,3.0
ppo,normal,40015,1,1.0,3.0,5.0,650.0,9.899999999999999,0.0,0.0,4.0
ppo,normal,40015,2,1.0,4.0,14.0,3365.0,26.300000000000004,0.0,6.0,6.0
ppo,normal,40015,3,1.0,5.0,12.0,3725.0,50.39999999999999,0.0,6.0,6.0
ppo,normal,40015,4,1.0,5.0,14.0,4375.0,15.100000000000009,0.0,8.0,7.0
ppo,normal,40015,5,1.0,5.0,16.0,4120.0,28.700000000000003,0.0,6.0,7.0
ppo,normal,40015,6,1.0,5.0,17.0,4615.0,36.599999999999994,0.0,8.0,8.0
ppo,normal,40015,7,1.0,5.0,17.0,4065.0,21.80000000000001,0.0,8.0,8.0
ppo,normal,40015,8,1.0,5.0,15.0,4145.0,48.79999999999998,0.0,7.0,9.0
ppo,normal,40015,9,1.0,5.0,14.0,4210.0,34.29999999999998,0.0,6.0,9.0
ppo,normal,40015,10,1.0,5.0,17.0,4525.0,20.30000000000001,0.0,7.0,9.0
ppo,normal,40015,11,1.0,5.0,17.0,4005.0,37.60000000000002,0.0,7.0,9.0
ppo,normal,40015,12,1.0,5.0,18.0,4420.0,28.0,0.0,6.0,9.0
ppo,normal,40015,13,1.0,5.0,18.0,4445.0,23.099999999999966,0.0,8.0,9.0
ppo,normal,40016,0,1.0,3.0,4.0,550.0,8.8,0.0,0.0,3.0
ppo,normal,40016,1,1.0,3.0,5.0,650.0,15.0,0.0,0.0,4.0
ppo,normal,40016,2,1.0,4.0,11.0,3245.0,22.999999999999996,0.0,4.0,6.0
ppo,normal,40016,3,1.0,5.0,14.0,4090.0,16.1,0.0,7.0,6.0
ppo,normal,40016,4,1.0,5.0,17.0,4230.0,22.4,0.0,6.0,7.0
ppo,normal,40016,5,1.0,5.0,17.0,4155.0,42.8,0.0,6.0,7.0
ppo,normal,40016,6,1.0,5.0,15.0,4480.0,17.80000000000001,0.0,7.0,8.0
ppo,normal,40016,7,1.0,5.0,17.0,4330.0,32.599999999999994,0.0,7.0,8.0
ppo,normal,40016,8,1.0,5.0,14.0,3970.0,43.69999999999999,0.0,6.0,9.0
ppo,normal,40016,9,1.0,5.0,18.0,4210.0,34.19999999999999,0.0,7.0,9.0
ppo,normal,40016,10,1.0,5.0,15.0,4630.0,27.100000000000023,0.0,8.0,9.0
ppo,normal,40016,11,1.0,5.0,18.0,4705.0,37.89999999999998,0.0,8.0,9.0
ppo,normal,40016,12,1.0,5.0,21.0,4810.0,24.80000000000001,0.0,7.0,9.0
ppo,normal,40016,13,1.0,5.0,19.0,4210.0,24.69999999999999,0.0,6.0,9.0
ppo,normal,40017,0,1.0,3.0,4.0,550.0,8.8,0.0,0.0,3.0
ppo,normal,40017,1,1.0,3.0,5.0,650.0,15.899999999999999,0.0,0.0,4.0
ppo,normal,40017,2,1.0,5.0,13.0,3725.0,15.3,0.0,4.0,6.0
ppo,normal,40017,3,1.0,5.0,11.0,3610.0,29.200000000000003,0.0,5.0,6.0
ppo,normal,40017,4,1.0,5.0,15.0,4200.0,20.799999999999997,0.0,7.0,7.0
ppo,normal,40017,5,1.0,5.0,13.0,4300.0,30.5,0.0,7.0,7.0
ppo,normal,40017,6,1.0,5.0,13.0,4415.0,26.599999999999994,0.0,6.0,8.0
ppo,normal,40017,7,1.0,5.0,20.0,4485.0,29.0,0.0,6.0,8.0
ppo,normal,40017,8,1.0,5.0,18.0,4530.0,47.099999999999994,0.0,8.0,9.0
ppo,normal,40017,9,1.0,5.0,16.0,4730.0,27.700000000000017,0.0,8.0,9.0
ppo,normal,40017,10,1.0,5.0,16.0,4100.0,35.400000000000006,0.0,8.0,9.0
ppo,normal,40017,11,1.0,5.0,14.0,4515.0,21.80000000000001,0.0,6.0,9.0
ppo,normal,40017,12,1.0,5.0,19.0,4380.0,32.5,0.0,8.0,9.0
ppo,normal,40017,13,1.0,5.0,15.0,4585.0,24.0,0.0,8.0,9.0
ppo,normal,40018,0,1.0,3.0,4.0,550.0,12.9,0.0,0.0,3.0
ppo,normal,40018,1,1.0,3.0,5.0,650.0,18.0,0.0,0.0,4.0
ppo,normal,40018,2,1.0,5.0,15.0,3955.0,32.5,0.0,6.0,6.0
ppo,normal,40018,3,1.0,5.0,10.0,3630.0,27.500000000000007,0.0,5.0,6.0
ppo,normal,40018,4,1.0,5.0,20.0,4330.0,37.29999999999998,0.0,7.0,7.0
ppo,normal,40018,5,1.0,5.0,14.0,4095.0,28.30000000000001,0.0,6.0,7.0
ppo,normal,40018,6,1.0,5.0,15.0,4720.0,28.900000000000006,0.0,7.0,8.0
ppo,normal,40018,7,1.0,5.0,14.0,4195.0,33.400000000000006,0.0,6.0,8.0
ppo,normal,40018,8,1.0,5.0,17.0,4750.0,20.399999999999977,0.0,7.0,9.0
ppo,normal,40018,9,1.0,5.0,20.0,4375.0,20.19999999999999,0.0,6.0,9.0
ppo,normal,40018,10,1.0,5.0,16.0,4380.0,27.900000000000034,0.0,8.0,9.0
ppo,normal,40018,11,1.0,5.0,18.0,4795.0,28.30000000000001,0.0,8.0,9.0
ppo,normal,40018,12,1.0,5.0,12.0,4260.0,19.899999999999977,0.0,6.0,9.0
ppo,normal,40018,13,1.0,5.0,15.0,4725.0,25.600000000000023,0.0,8.0,9.0
ppo,normal,40019,0,1.0,3.0,4.0,550.0,9.9,0.0,0.0,3.0
ppo,normal,40019,1,1.0,3.0,5.0,650.0,8.200000000000001,0.0,0.0,4.0
ppo,normal,40019,2,1.0,4.0,12.0,3175.0,15.899999999999999,0.0,4.0,6.0
ppo,normal,40019,3,1.0,5.0,15.0,3780.0,27.5,0.0,7.0,6.0
ppo,normal,40019,4,1.0,5.0,16.0,4470.0,33.7,0.0,7.0,7.0
ppo,normal,40019,5,1.0,5.0,16.0,4340.0,31.599999999999994,0.0,6.0,7.0
ppo,normal,40019,6,1.0,5.0,14.0,4215.0,21.500000000000014,0.0,7.0,8.0
ppo,normal,40019,7,1.0,5.0,16.0,4400.0,40.89999999999998,0.0,8.0,8.0
ppo,normal,40019,8,1.0,5.0,15.0,3965.0,41.400000000000006,0.0,6.0,9.0
ppo,normal,40019,9,1.0,5.0,13.0,4420.0,33.599999999999994,0.0,7.0,9.0
ppo,normal,40019,10,1.0,5.0,21.0,4665.0,46.10000000000002,0.0,7.0,9.0
ppo,normal,40019,11,1.0,5.0,16.0,4360.0,29.599999999999966,0.0,6.0,9.0
ppo,normal,40019,12,1.0,5.0,18.0,4415.0,26.100000000000023,0.0,8.0,9.0
ppo,normal,40019,13,1.0,5.0,15.0,4385.0,24.399999999999977,0.0,6.0,9.0
ppo,normal,40020,0,1.0,3.0,4.0,550.0,10.3,0.0,0.0,3.0
ppo,normal,40020,1,1.0,3.0,5.0,650.0,7.599999999999998,0.0,0.0,4.0
ppo,normal,40020,2,1.0,5.0,15.0,3900.0,20.0,0.0,6.0,6.0
ppo,normal,40020,3,1.0,5.0,15.0,4255.0,12.300000000000004,0.0,7.0,6.0
ppo,normal,40020,4,1.0,5.0,18.0,4455.0,37.599999999999994,0.0,8.0,7.0
ppo,normal,40020,5,1.0,5.0,16.0,4155.0,32.900000000000006,0.0,6.0,7.0
ppo,normal,40020,6,1.0,5.0,17.0,4190.0,31.499999999999986,0.0,6.0,8.0
ppo,normal,40020,7,1.0,5.0,16.0,4470.0,38.5,0.0,7.0,8.0
ppo,normal,40020,8,1.0,5.0,16.0,5090.0,21.5,0.0,8.0,9.0
ppo,normal,40020,9,1.0,5.0,16.0,4365.0,46.0,0.0,7.0,9.0
ppo,normal,40020,10,1.0,5.0,16.0,4110.0,39.0,0.0,7.0,9.0
ppo,normal,40020,11,1.0,5.0,15.0,4185.0,34.30000000000001,0.0,6.0,9.0
ppo,normal,40020,12,1.0,5.0,15.0,4745.0,23.80000000000001,0.0,8.0,9.0
ppo,normal,40020,13,1.0,5.0,16.0,4370.0,43.099999999999966,0.0,7.0,9.0
ppo,normal,40021,0,1.0,3.0,4.0,550.0,13.1,0.0,0.0,3.0
ppo,normal,40021,1,1.0,3.0,5.0,650.0,12.1,0.0,0.0,4.0
ppo,normal,40021,2,1.0,4.0,15.0,3415.0,21.7,0.0,4.0,6.0
ppo,normal,40021,3,1.0,5.0,10.0,3665.0,16.700000000000003,0.0,5.0,6.0
ppo,normal,40021,4,1.0,5.0,17.0,4645.0,28.4,0.0,8.0,7.0
ppo,normal,40021,5,1.0,5.0,16.0,4330.0,32.0,0.0,8.0,7.0
ppo,normal,40021,6,1.0,5.0,14.0,4335.0,19.099999999999994,0.0,8.0,8.0
ppo,normal,40021,7,1.0,5.0,19.0,4650.0,40.099999999999994,0.0,8.0,8.0
ppo,normal,40021,8,1.0,5.0,19.0,4710.0,29.0,0.0,7.0,9.0
ppo,normal,40021,9,1.0,5.0,13.0,4450.0,15.600000000000023,0.0,8.0,9.0
ppo,normal,40021,10,1.0,5.0,17.0,4525.0,45.30000000000001,0.0,8.0,9.0
ppo,normal,40021,11,1.0,5.0,11.0,4450.0,20.799999999999955,0.0,6.0,9.0
ppo,normal,40021,12,1.0,5.0,18.0,4535.0,29.700000000000045,0.0,6.0,9.0
ppo,normal,40021,13,1.0,5.0,14.0,4330.0,37.69999999999999,0.0,6.0,9.0
ppo,normal,40022,0,1.0,3.0,4.0,550.0,9.5,0.0,0.0,3.0
ppo,normal,40022,1,1.0,3.0,5.0,650.0,9.5,0.0,0.0,4.0
ppo,normal,40022,2,1.0,5.0,15.0,3580.0,22.299999999999997,0.0,5.0,6.0
ppo,normal,40022,3,1.0,5.0,16.0,3955.0,32.900000000000006,0.0,7.0,6.0
ppo,normal,40022,4,1.0,5.0,18.0,3845.0,53.3,0.0,6.0,7.0
ppo,normal,40022,5,1.0,5.0,18.0,4125.0,40.599999999999994,0.0,7.0,7.0
ppo,normal,40022,6,1.0,5.0,17.0,4150.0,30.700000000000017,0.0,6.0,8.0
ppo,normal,40022,7,1.0,5.0,17.0,4300.0,35.19999999999999,0.0,8.0,8.0
ppo,normal,40022,8,1.0,5.0,15.0,4170.0,23.0,0.0,6.0,9.0
ppo,normal,40022,9,1.0,5.0,16.0,4160.0,39.0,0.0,7.0,9.0
ppo,normal,40022,10,1.0,5.0,16.0,4490.0,31.69999999999999,0.0,6.0,9.0
ppo,normal,40022,11,1.0,5.0,15.0,4215.0,36.69999999999999,0.0,7.0,9.0
ppo,normal,40022,12,1.0,5.0,17.0,4790.0,26.400000000000034,0.0,8.0,9.0
ppo,normal,40022,13,1.0,5.0,16.0,4410.0,49.69999999999999,0.0,6.0,9.0
ppo,normal,40023,0,1.0,3.0,4.0,550.0,10.7,0.0,0.0,3.0
ppo,normal,40023,1,1.0,3.0,5.0,650.0,8.8,0.0,0.0,4.0
ppo,normal,40023,2,1.0,5.0,17.0,3840.0,36.1,0.0,6.0,6.0
ppo,normal,40023,3,1.0,5.0,13.0,3870.0,18.1,0.0,5.0,6.0
ppo,normal,40023,4,1.0,5.0,19.0,4350.0,30.599999999999994,0.0,8.0,7.0
ppo,normal,40023,5,1.0,5.0,18.0,4085.0,29.500000000000014,0.0,6.0,7.0
ppo,normal,40023,6,1.0,5.0,19.0,4380.0,32.39999999999998,0.0,8.0,8.0
ppo,normal,40023,7,1.0,5.0,15.0,4990.0,21.600000000000023,0.0,8.0,8.0
ppo,normal,40023,8,1.0,5.0,15.0,4200.0,35.39999999999998,0.0,6.0,9.0
ppo,normal,40023,9,1.0,5.0,14.0,4195.0,23.80000000000001,0.0,7.0,9.0
ppo,normal,40023,10,1.0,5.0,19.0,4160.0,24.0,0.0,7.0,9.0
ppo,normal,40023,11,1.0,5.0,17.0,4160.0,19.19999999999999,0.0,7.0,9.0
ppo,normal,40023,12,1.0,5.0,15.0,4375.0,30.30000000000001,0.0,6.0,9.0
ppo,normal,40023,13,1.0,5.0,18.0,4435.0,24.80000000000001,0.0,8.0,9.0
ppo,normal,40024,0,1.0,3.0,4.0,550.0,10.7,0.0,0.0,3.0
ppo,normal,40024,1,1.0,3.0,5.0,650.0,19.3,0.0,0.0,4.0
ppo,normal,40024,2,1.0,4.0,11.0,3500.0,20.700000000000003,0.0,5.0,6.0
ppo,normal,40024,3,1.0,5.0,17.0,4115.0,21.200000000000003,0.0,7.0,6.0
ppo,normal,40024,4,1.0,5.0,16.0,4375.0,30.0,0.0,8.0,7.0
ppo,normal,40024,5,1.0,5.0,14.0,3790.0,46.0,0.0,7.0,7.0
ppo,normal,40024,6,1.0,5.0,16.0,4460.0,29.5,0.0,8.0,8.0
ppo,normal,40024,7,1.0,5.0,12.0,4365.0,31.900000000000006,0.0,6.0,8.0
ppo,normal,40024,8,1.0,5.0,16.0,4545.0,28.5,0.0,7.0,9.0
ppo,normal,40024,9,1.0,5.0,19.0,4505.0,32.30000000000001,0.0,8.0,9.0
ppo,normal,40024,10,1.0,5.0,19.0,4455.0,47.799999999999955,0.0,7.0,9.0
ppo,normal,40024,11,1.0,5.0,17.0,4130.0,47.30000000000001,0.0,6.0,9.0
ppo,normal,40024,12,1.0,5.0,16.0,4295.0,23.80000000000001,0.0,7.0,9.0
ppo,normal,40024,13,1.0,5.0,15.0,4245.0,28.0,0.0,6.0,9.0
ppo,normal,40025,0,1.0,3.0,4.0,550.0,15.9,0.0,0.0,3.0
ppo,normal,40025,1,1.0,3.0,5.0,650.0,15.499999999999998,0.0,0.0,4.0
ppo,normal,40025,2,1.0,4.0,13.0,3465.0,31.1,0.0,5.0,6.0
ppo,normal,40025,3,1.0,5.0,17.0,4050.0,20.5,0.0,7.0,6.0
ppo,normal,40025,4,1.0,5.0,12.0,4260.0,29.900000000000006,0.0,7.0,7.0
ppo,normal,40025,5,1.0,5.0,13.0,3820.0,28.299999999999983,0.0,6.0,7.0
ppo,normal,40025,6,1.0,5.0,16.0,4390.0,31.700000000000017,0.0,7.0,8.0
ppo,normal,40025,7,1.0,5.0,19.0,4405.0,17.299999999999983,0.0,8.0,8.0
ppo,normal,40025,8,1.0,5.0,17.0,4790.0,39.20000000000002,0.0,7.0,9.0
ppo,normal,40025,9,1.0,5.0,21.0,4455.0,22.400000000000006,0.0,8.0,9.0
ppo,normal,40025,10,1.0,5.0,18.0,4215.0,41.89999999999998,0.0,8.0,9.0
ppo,normal,40025,11,1.0,5.0,17.0,4360.0,24.0,0.0,8.0,9.0
ppo,normal,40025,12,1.0,5.0,17.0,4460.0,24.900000000000034,0.0,6.0,9.0
ppo,normal,40025,13,1.0,5.0,13.0,4090.0,36.19999999999999,0.0,7.0,9.0
ppo,normal,40026,0,1.0,3.0,4.0,550.0,9.7,0.0,0.0,3.0
ppo,normal,40026,1,1.0,3.0,5.0,650.0,6.400000000000002,0.0,0.0,4.0
ppo,normal,40026,2,1.0,5.0,11.0,3515.0,21.799999999999997,0.0,4.0,6.0
ppo,normal,40026,3,1.0,5.0,10.0,3630.0,32.1,0.0,5.0,6.0
ppo,normal,40026,4,1.0,5.0,15.0,3930.0,42.099999999999994,0.0,8.0,7.0
ppo,normal,40026,5,1.0,5.0,14.0,4280.0,32.400000000000006,0.0,7.0,7.0
ppo,normal,40026,6,1.0,5.0,17.0,4340.0,31.69999999999999,0.0,7.0,8.0
ppo,normal,40026,7,1.0,5.0,16.0,4105.0,37.70000000000002,0.0,6.0,8.0
ppo,normal,40026,8,1.0,5.0,20.0,4595.0,38.29999999999998,0.0,8.0,9.0
ppo,normal,40026,9,1.0,5.0,15.0,4250.0,25.100000000000023,0.0,6.0,9.0
ppo,normal,40026,10,1.0,5.0,16.0,3930.0,42.39999999999998,0.0,7.0,9.0
ppo,normal,40026,11,1.0,5.0,21.0,4220.0,53.19999999999999,0.0,7.0,9.0
ppo,normal,40026,12,1.0,5.0,14.0,4410.0,19.80000000000001,0.0,6.0,9.0
ppo,normal,40026,13,1.0,5.0,18.0,4515.0,26.19999999999999,0.0,6.0,9.0
ppo,normal,40027,0,1.0,3.0,4.0,550.0,10.1,0.0,0.0,3.0
ppo,normal,40027,1,1.0,3.0,5.0,650.0,22.1,0.0,0.0,4.0
ppo,normal,40027,2,1.0,5.0,11.0,3460.0,19.0,0.0,4.0,6.0
ppo,normal,40027,3,1.0,5.0,14.0,3975.0,25.5,0.0,6.0,6.0
ppo,normal,40027,4,1.0,5.0,17.0,4010.0,44.89999999999999,0.0,7.0,7.0
ppo,normal,40027,5,1.0,5.0,16.0,4545.0,23.0,0.0,8.0,7.0
ppo,normal,40027,6,1.0,5.0,13.0,4415.0,26.80000000000001,0.0,7.0,8.0
ppo,normal,40027,7,1.0,5.0,15.0,4690.0,26.69999999999999,0.0,8.0,8.0
ppo,normal,40027,8,1.0,5.0,14.0,4795.0,23.900000000000006,0.0,8.0,9.0
ppo,normal,40027,9,1.0,5.0,17.0,4270.0,38.60000000000002,0.0,7.0,9.0
ppo,normal,40027,10,1.0,5.0,14.0,4250.0,25.799999999999955,0.0,6.0,9.0
ppo,normal,40027,11,1.0,5.0,17.0,4450.0,25.0,0.0,7.0,9.0
ppo,normal,40027,12,1.0,5.0,14.0,4420.0,28.700000000000045,0.0,7.0,9.0
ppo,normal,40027,13,1.0,5.0,13.0,4435.0,19.399999999999977,0.0,6.0,9.0
ppo,normal,40028,0,1.0,3.0,4.0,550.0,6.7,0.0,0.0,3.0
ppo,normal,40028,1,1.0,3.0,5.0,650.0,8.600000000000001,0.0,0.0,4.0
ppo,normal,40028,2,1.0,4.0,11.0,3415.0,21.900000000000002,0.0,4.0,6.0
ppo,normal,40028,3,1.0,5.0,16.0,4075.0,20.4,0.0,7.0,6.0
ppo,normal,40028,4,1.0,5.0,20.0,4250.0,45.1,0.0,8.0,7.0
ppo,normal,40028,5,1.0,5.0,19.0,4265.0,36.60000000000001,0.0,8.0,7.0
ppo,normal,40028,6,1.0,5.0,18.0,4705.0,22.099999999999994,0.0,8.0,8.0
ppo,normal,40028,7,1.0,5.0,18.0,4055.0,37.19999999999999,0.0,6.0,8.0
ppo,normal,40028,8,1.0,5.0,19.0,4930.0,22.599999999999994,0.0,8.0,9.0
ppo,normal,40028,9,1.0,5.0,16.0,4380.0,27.600000000000023,0.0,8.0,9.0
ppo,normal,40028,10,1.0,5.0,15.0,4570.0,33.89999999999998,0.0,8.0,9.0
ppo,normal,40028,11,1.0,5.0,18.0,4120.0,38.5,0.0,7.0,9.0
ppo,normal,40028,12,1.0,5.0,15.0,4415.0,41.5,0.0,7.0,9.0
ppo,normal,40028,13,1.0,5.0,12.0,4005.0,27.600000000000023,0.0,6.0,9.0
ppo,normal,40029,0,1.0,3.0,4.0,550.0,9.1,0.0,0.0,3.0
ppo,normal,40029,1,1.0,3.0,5.0,650.0,9.500000000000002,0.0,0.0,4.0
ppo,normal,40029,2,1.0,4.0,12.0,3345.0,28.1,0.0,6.0,6.0
ppo,normal,40029,3,1.0,5.0,15.0,4180.0,32.599999999999994,0.0,7.0,6.0
ppo,normal,40029,4,1.0,5.0,15.0,4435.0,29.60000000000001,0.0,8.0,7.0
ppo,normal,40029,5,1.0,5.0,18.0,4220.0,23.099999999999994,0.0,8.0,7.0
ppo,normal,40029,6,1.0,5.0,13.0,4170.0,18.599999999999994,0.0,6.0,8.0
ppo,normal,40029,7,1.0,5.0,17.0,4730.0,32.30000000000001,0.0,8.0,8.0
ppo,normal,40029,8,1.0,5.0,15.0,4180.0,32.5,0.0,6.0,9.0
ppo,normal,40029,9,1.0,5.0,20.0,4595.0,33.599999999999994,0.0,7.0,9.0
ppo,normal,40029,10,1.0,5.0,17.0,3890.0,31.19999999999999,0.0,6.0,9.0
ppo,normal,40029,11,1.0,5.0,15.0,4560.0,34.0,0.0,7.0,9.0
ppo,normal,40029,12,1.0,5.0,17.0,4615.0,21.30000000000001,0.0,7.0,9.0
ppo,normal,40029,13,1.0,5.0,16.0,5060.0,24.69999999999999,0.0,8.0,9.0
ppo,normal,40030,0,1.0,3.0,4.0,550.0,9.2,0.0,0.0,3.0
ppo,normal,40030,1,1.0,3.0,5.0,650.0,9.3,0.0,0.0,4.0
ppo,normal,40030,2,1.0,4.0,14.0,3490.0,21.1,0.0,5.0,6.0
ppo,normal,40030,3,1.0,5.0,17.0,3995.0,28.199999999999996,0.0,7.0,6.0
ppo,normal,40030,4,1.0,5.0,15.0,4150.0,15.600000000000009,0.0,8.0,7.0
ppo,normal,40030,5,1.0,5.0,17.0,4250.0,30.799999999999997,0.0,8.0,7.0
ppo,normal,40030,6,1.0,5.0,15.0,4550.0,20.200000000000003,0.0,6.0,8.0
ppo,normal,40030,7,1.0,5.0,15.0,4405.0,22.19999999999999,0.0,8.0,8.0
ppo,normal,40030,8,1.0,5.0,22.0,4595.0,38.70000000000002,0.0,8.0,9.0
ppo,normal,40030,9,1.0,5.0,14.0,4530.0,37.79999999999998,0.0,8.0,9.0
ppo,normal,40030,10,1.0,5.0,16.0,4035.0,34.400000000000006,0.0,6.0,9.0
ppo,normal,40030,11,1.0,5.0,15.0,4520.0,43.19999999999999,0.0,7.0,9.0
ppo,normal,40030,12,1.0,5.0,11.0,4775.0,25.400000000000034,0.0,8.0,9.0
ppo,normal,40030,13,1.0,5.0,16.0,4775.0,30.599999999999966,0.0,8.0,9.0
ppo,normal,40031,0,1.0,3.0,4.0,550.0,8.9,0.0,0.0,3.0
ppo,normal,40031,1,1.0,3.0,5.0,650.0,24.200000000000003,0.0,0.0,4.0
ppo,normal,40031,2,1.0,5.0,15.0,3980.0,27.699999999999996,0.0,6.0,6.0
ppo,normal,40031,3,1.0,5.0,16.0,4210.0,29.400000000000006,0.0,7.0,6.0
ppo,normal,40031,4,1.0,5.0,15.0,4060.0,24.099999999999994,0.0,6.0,7.0
ppo,normal,40031,5,1.0,5.0,18.0,4225.0,35.89999999999999,0.0,7.0,7.0
ppo,normal,40031,6,1.0,5.0,17.0,4340.0,26.700000000000017,0.0,7.0,8.0
ppo,normal,40031,7,1.0,5.0,13.0,4290.0,31.799999999999983,0.0,7.0,8.0
ppo,normal,40031,8,1.0,5.0,17.0,4060.0,39.30000000000001,0.0,7.0,9.0
ppo,normal,40031,9,1.0,5.0,13.0,4630.0,27.399999999999977,0.0,6.0,9.0
ppo,normal,40031,10,1.0,5.0,12.0,4415.0,21.600000000000023,0.0,6.0,9.0
ppo,normal,40031,11,1.0,5.0,13.0,4395.0,28.899999999999977,0.0,6.0,9.0
ppo,normal,40031,12,1.0,5.0,16.0,4585.0,39.0,0.0,7.0,9.0
ppo,normal,40031,13,1.0,5.0,16.0,4395.0,43.5,0.0,7.0,9.0
ppo,hard,40000,0,1.0,2.0,4.0,550.0,11.9,0.0,0.0,3.0
ppo,hard,40000,1,1.0,2.0,5.0,650.0,14.9,0.0,0.0,4.0
ppo,hard,40000,2,1.0,3.0,13.0,3005.0,22.3,0.0,5.0,6.0
ppo,hard,40000,3,1.0,5.0,10.0,3255.0,17.1,0.0,6.0,6.0
ppo,hard,40000,4,1.0,5.0,13.0,4305.0,32.3,0.0,7.0,7.0
ppo,hard,40000,5,1.0,5.0,17.0,4420.0,13.200000000000003,0.0,8.0,7.0
ppo,hard,40000,6,1.0,5.0,16.0,4045.0,27.999999999999986,0.0,7.0,8.0
ppo,hard,40000,7,1.0,5.0,13.0,4025.0,25.100000000000023,0.0,7.0,8.0
ppo,hard,40000,8,1.0,5.0,18.0,4125.0,30.5,0.0,7.0,9.0
ppo,hard,40000,9,1.0,5.0,12.0,4130.0,32.099999999999994,0.0,7.0,9.0
ppo,hard,40000,10,1.0,5.0,16.0,4045.0,48.099999999999994,0.0,6.0,9.0
ppo,hard,40000,11,1.0,5.0,17.0,3820.0,23.399999999999977,0.0,6.0,9.0
ppo,hard,40000,12,1.0,5.0,16.0,3880.0,27.700000000000045,0.0,7.0,9.0
ppo,hard,40000,13,1.0,5.0,17.0,4230.0,32.0,0.0,7.0,9.0
ppo,hard,40001,0,1.0,2.0,4.0,550.0,9.7,0.0,0.0,3.0
ppo,hard,40001,1,1.0,2.0,5.0,650.0,14.3,0.0,0.0,4.0
ppo,hard,40001,2,1.0,4.0,8.0,2850.0,25.700000000000003,0.0,4.0,6.0
ppo,hard,40001,3,1.0,5.0,13.0,3220.0,23.39999999999999,0.0,5.0,6.0
ppo,hard,40001,4,1.0,5.0,18.0,4115.0,46.400000000000006,0.0,8.0,7.0
ppo,hard,40001,5,1.0,5.0,13.0,3875.0,25.80000000000001,0.0,7.0,7.0
ppo,hard,40001,6,1.0,5.0,18.0,4090.0,16.099999999999994,0.0,6.0,8.0
ppo,hard,40001,7,1.0,5.0,18.0,3765.0,46.79999999999998,0.0,7.0,8.0
ppo,hard,40001,8,1.0,5.0,13.0,3965.0,31.0,0.0,6.0,9.0
ppo,hard,40001,9,1.0,5.0,14.0,3870.0,18.0,0.0,6.0,9.0
ppo,hard,40001,10,1.0,5.0,16.0,4200.0,30.0,0.0,6.0,9.0
ppo,hard,40001,11,1.0,5.0,15.0,4145.0,33.30000000000001,0.0,7.0,9.0
ppo,hard,40001,12,1.0,5.0,18.0,4425.0,25.600000000000023,0.0,7.0,9.0
ppo,hard,40001,13,1.0,5.0,16.0,3995.0,38.39999999999998,0.0,6.0,9.0
ppo,hard,40002,0,1.0,2.0,4.0,550.0,9.5,0.0,0.0,3.0
ppo,hard,40002,1,1.0,2.0,5.0,650.0,8.899999999999999,0.0,0.0,4.0
ppo,hard,40002,2,1.0,4.0,13.0,3090.0,16.5,0.0,4.0,6.0
ppo,hard,40002,3,1.0,5.0,14.0,3135.0,39.6,0.0,5.0,6.0
ppo,hard,40002,4,1.0,5.0,14.0,3855.0,47.0,0.0,7.0,7.0
ppo,hard,40002,5,1.0,5.0,14.0,3695.0,18.69999999999999,0.0,6.0,7.0
ppo,hard,40002,6,1.0,5.0,12.0,3800.0,25.5,0.0,6.0,8.0
ppo,hard,40002,7,1.0,5.0,14.0,4440.0,31.200000000000017,0.0,8.0,8.0
ppo,hard,40002,8,1.0,5.0,12.0,3840.0,21.400000000000006,0.0,6.0,9.0
ppo,hard,40002,9,1.0,5.0,18.0,4185.0,39.5,0.0,8.0,9.0
ppo,hard,40002,10,1.0,5.0,18.0,3765.0,46.89999999999998,0.0,8.0,9.0
ppo,hard,40002,11,1.0,5.0,14.0,4260.0,34.60000000000002,0.0,6.0,9.0
ppo,hard,40002,12,1.0,5.0,16.0,4140.0,31.30000000000001,0.0,8.0,9.0
ppo,hard,40002,13,1.0,5.0,14.0,4155.0,27.299999999999955,0.0,8.0,9.0
ppo,hard,40003,0,1.0,2.0,4.0,550.0,13.9,0.0,0.0,3.0
ppo,hard,40003,1,1.0,2.0,5.0,650.0,16.299999999999997,0.0,0.0,4.0
ppo,hard,40003,2,1.0,4.0,12.0,2865.0,31.500000000000004,0.0,4.0,6.0
ppo,hard,40003,3,1.0,5.0,18.0,3730.0,37.599999999999994,0.0,7.0,6.0
ppo,hard,40003,4,1.0,5.0,17.0,4235.0,39.7,0.0,7.0,7.0
ppo,hard,40003,5,1.0,5.0,18.0,4365.0,31.69999999999999,0.0,8.0,7.0
ppo,hard,40003,6,1.0,5.0,13.0,4275.0,20.200000000000017,0.0,8.0,8.0
ppo,hard,40003,7,1.0,5.0,12.0,3910.0,19.19999999999999,0.0,6.0,8.0
ppo,hard,40003,8,1.0,5.0,16.0,4310.0,39.599999999999994,0.0,7.0,9.0
ppo,hard,40003,9,1.0,5.0,17.0,3905.0,27.30000000000001,0.0,6.0,9.0
ppo,hard,40003,10,1.0,5.0,18.0,4080.0,27.600000000000023,0.0,7.0,9.0
ppo,hard,40003,11,1.0,5.0,18.0,4060.0,39.299999999999955,0.0,6.0,9.0
ppo,hard,40003,12,1.0,5.0,16.0,4165.0,26.400000000000034,0.0,6.0,9.0
ppo,hard,40003,13,1.0,5.0,19.0,4325.0,25.899999999999977,0.0,6.0,9.0
ppo,hard,40004,0,1.0,2.0,4.0,550.0,7.1,0.0,0.0,3.0
ppo,hard,40004,1,1.0,2.0,5.0,650.0,13.500000000000002,0.0,0.0,4.0
ppo,hard,40004,2,1.0,5.0,14.0,3375.0,20.4,0.0,5.0,6.0
ppo,hard,40004,3,1.0,5.0,15.0,3960.0,24.5,0.0,7.0,6.0
ppo,hard,40004,4,1.0,5.0,15.0,3955.0,37.0,0.0,8.0,7.0
ppo,hard,40004,5,1.0,5.0,17.0,3595.0,33.599999999999994,0.0,6.0,7.0
ppo,hard,40004,6,1.0,5.0,15.0,4105.0,22.200000000000017,0.0,8.0,8.0
ppo,hard,40004,7,1.0,5.0,14.0,4030.0,22.099999999999994,0.0,7.0,8.0
ppo,hard,40004,8,1.0,5.0,21.0,4235.0,29.799999999999983,0.0,7.0,9.0
ppo,hard,40004,9,1.0,5.0,20.0,4445.0,28.100000000000023,0.0,7.0,9.0
ppo,hard,40004,10,1.0,5.0,15.0,4170.0,48.80000000000001,0.0,8.0,9.0
ppo,hard,40004,11,1.0,5.0,17.0,4120.0,58.799999999999955,0.0,8.0,9.0
ppo,hard,40004,12,1.0,5.0,16.0,4415.0,41.80000000000001,0.0,8.0,9.0
ppo,hard,40004,13,1.0,5.0,16.0,4430.0,22.400000000000034,0.0,8.0,9.0
ppo,hard,40005,0,1.0,2.0,4.0,550.0,9.3,0.0,0.0,3.0
ppo,hard,40005,1,1.0,2.0,5.0,650.0,12.599999999999998,0.0,0.0,4.0
ppo,hard,40005,2,1.0,4.0,15.0,3015.0,31.5,0.0,6.0,6.0
ppo,hard,40005,3,1.0,5.0,12.0,3445.0,28.1,0.0,6.0,6.0
ppo,hard,40005,4,1.0,5.0,11.0,4135.0,24.900000000000006,0.0,7.0,7.0
ppo,hard,40005,5,1.0,5.0,19.0,4255.0,32.400000000000006,0.0,7.0,7.0
ppo,hard,40005,6,1.0,5.0,12.0,4285.0,24.899999999999977,0.0,7.0,8.0
ppo,hard,40005,7,1.0,5.0,13.0,3585.0,29.700000000000017,0.0,7.0,8.0
ppo,hard,40005,8,1.0,5.0,14.0,4475.0,25.900000000000006,0.0,8.0,9.0
ppo,hard,40005,9,1.0,5.0,15.0,4060.0,29.69999999999999,0.0,6.0,9.0
ppo,hard,40005,10,1.0,5.0,18.0,4430.0,22.69999999999999,0.0,8.0,9.0
ppo,hard,40005,11,1.0,5.0,13.0,4290.0,21.5,0.0,8.0,9.0
ppo,hard,40005,12,1.0,5.0,18.0,4405.0,32.60000000000002,0.0,8.0,9.0
ppo,hard,40005,13,1.0,5.0,14.0,4150.0,35.89999999999998,0.0,6.0,9.0
ppo,hard,40006,0,1.0,2.0,4.0,550.0,20.9,0.0,0.0,3.0
ppo,hard,40006,1,1.0,2.0,5.0,650.0,9.700000000000003,0.0,0.0,4.0
ppo,hard,40006,2,1.0,3.0,16.0,3010.0,29.5,0.0,5.0,6.0
ppo,hard,40006,3,1.0,5.0,17.0,3470.0,23.199999999999996,0.0,6.0,6.0
ppo,hard,40006,4,1.0,5.0,19.0,4380.0,27.5,0.0,8.0,7.0
ppo,hard,40006,5,1.0,5.0,15.0,3540.0,46.500000000000014,0.0,7.0,7.0
ppo,hard,40006,6,1.0,5.0,17.0,3980.0,22.5,0.0,7.0,8.0
ppo,hard,40006,7,1.0,5.0,19.0,3885.0,14.0,0.0,6.0,8.0
ppo,hard,40006,8,1.0,5.0,15.0,4535.0,39.79999999999998,0.0,7.0,9.0
ppo,hard,40006,9,1.0,5.0,18.0,4030.0,27.299999999999983,0.0,8.0,9.0
ppo,hard,40006,10,1.0,5.0,20.0,4495.0,28.200000000000045,0.0,8.0,9.0
ppo,hard,40006,11,1.0,5.0,15.0,4270.0,28.5,0.0,8.0,9.0
ppo,hard,40006,12,1.0,5.0,16.0,3785.0,19.599999999999966,0.0,6.0,9.0
ppo,hard,40006,13,1.0,5.0,12.0,4095.0,23.0,0.0,7.0,9.0
ppo,hard,40007,0,1.0,2.0,4.0,550.0,10.5,0.0,0.0,3.0
ppo,hard,40007,1,1.0,2.0,5.0,650.0,9.2,0.0,0.0,4.0
ppo,hard,40007,2,1.0,5.0,17.0,3335.0,24.7,0.0,5.0,6.0
ppo,hard,40007,3,1.0,5.0,18.0,3720.0,23.6,0.0,7.0,6.0
ppo,hard,40007,4,1.0,5.0,16.0,4255.0,27.700000000000003,0.0,8.0,7.0
ppo,hard,40007,5,1.0,5.0,14.0,3825.0,25.599999999999994,0.0,7.0,7.0
ppo,hard,40007,6,1.0,5.0,15.0,4245.0,18.10000000000001,0.0,8.0,8.0
ppo,hard,40007,7,1.0,5.0,20.0,4055.0,32.5,0.0,8.0,8.0
ppo,hard,40007,8,1.0,5.0,15.0,3795.0,43.400000000000006,0.0,6.0,9.0
ppo,hard,40007,9,1.0,5.0,17.0,3935.0,34.39999999999998,0.0,8.0,9.0
ppo,hard,40007,10,1.0,5.0,16.0,4020.0,38.900000000000034,0.0,7.0,9.0
ppo,hard,40007,11,1.0,5.0,14.0,3775.0,40.599999999999966,0.0,6.0,9.0
ppo,hard,40007,12,1.0,5.0,17.0,4215.0,41.19999999999999,0.0,8.0,9.0
ppo,hard,40007,13,1.0,5.0,20.0,4530.0,22.0,0.0,7.0,9.0
ppo,hard,40008,0,1.0,2.0,4.0,550.0,6.9,0.0,0.0,3.0
ppo,hard,40008,1,1.0,2.0,5.0,650.0,10.200000000000001,0.0,0.0,4.0
ppo,hard,40008,2,1.0,4.0,13.0,3085.0,24.299999999999997,0.0,5.0,6.0
ppo,hard,40008,3,1.0,5.0,15.0,3325.0,35.1,0.0,5.0,6.0
ppo,hard,40008,4,1.0,5.0,14.0,3850.0,25.599999999999994,0.0,6.0,7.0
ppo,hard,40008,5,1.0,5.0,14.0,3910.0,19.0,0.0,7.0,7.0
ppo,hard,40008,6,1.0,5.0,18.0,4095.0,28.0,0.0,8.0,8.0
ppo,hard,40008,7,1.0,5.0,20.0,3795.0,38.5,0.0,7.0,8.0
ppo,hard,40008,8,1.0,5.0,11.0,4045.0,13.900000000000006,0.0,6.0,9.0
ppo,hard,40008,9,1.0,5.0,17.0,4170.0,38.900000000000006,0.0,8.0,9.0
ppo,hard,40008,10,1.0,5.0,16.0,4035.0,44.49999999999997,0.0,6.0,9.0
ppo,hard,40008,11,1.0,5.0,19.0,4205.0,17.200000000000045,0.0,6.0,9.0
ppo,hard,40008,12,1.0,5.0,17.0,4190.0,31.599999999999966,0.0,8.0,9.0
ppo,hard,40008,13,1.0,5.0,12.0,4065.0,26.69999999999999,0.0,6.0,9.0
ppo,hard,40009,0,1.0,2.0,4.0,550.0,10.7,0.0,0.0,3.0
ppo,hard,40009,1,1.0,2.0,5.0,650.0,8.400000000000002,0.0,0.0,4.0
ppo,hard,40009,2,1.0,5.0,13.0,3445.0,13.100000000000001,0.0,4.0,6.0
ppo,hard,40009,3,1.0,5.0,14.0,3460.0,34.89999999999999,0.0,5.0,6.0
ppo,hard,40009,4,1.0,5.0,16.0,3935.0,29.900000000000006,0.0,6.0,7.0
ppo,hard,40009,5,1.0,5.0,15.0,4155.0,32.30000000000001,0.0,7.0,7.0
ppo,hard,40009,6,1.0,5.0,17.0,4545.0,33.099999999999994,0.0,8.0,8.0
ppo,hard,40009,7,1.0,5.0,14.0,4090.0,26.299999999999983,0.0,8.0,8.0
ppo,hard,40009,8,1.0,5.0,15.0,4205.0,27.0,0.0,8.0,9.0
ppo,hard,40009,9,1.0,5.0,20.0,3915.0,36.400000000000006,0.0,7.0,9.0
ppo,hard,40009,10,1.0,5.0,14.0,3830.0,32.099999999999994,0.0,6.0,9.0
ppo,hard,40009,11,1.0,5.0,15.0,4520.0,28.0,0.0,8.0,9.0
ppo,hard,40009,12,1.0,5.0,22.0,4280.0,37.19999999999999,0.0,8.0,9.0
ppo,hard,40009,13,1.0,5.0,22.0,4485.0,24.80000000000001,0.0,8.0,9.0
ppo,hard,40010,0,1.0,2.0,4.0,550.0,10.5,0.0,0.0,3.0
ppo,hard,40010,1,1.0,2.0,5.0,650.0,10.0,0.0,0.0,4.0
ppo,hard,40010,2,1.0,3.0,15.0,3150.0,15.0,0.0,4.0,6.0
ppo,hard,40010,3,1.0,5.0,16.0,3665.0,31.400000000000006,0.0,6.0,6.0
ppo,hard,40010,4,1.0,5.0,10.0,3865.0,21.69999999999999,0.0,6.0,7.0
ppo,hard,40010,5,1.0,5.0,14.0,4185.0,34.5,0.0,7.0,7.0
ppo,hard,40010,6,1.0,5.0,14.0,4010.0,19.30000000000001,0.0,8.0,8.0
ppo,hard,40010,7,1.0,5.0,14.0,3710.0,44.099999999999994,0.0,6.0,8.0
ppo,hard,40010,8,1.0,5.0,19.0,4515.0,31.80000000000001,0.0,8.0,9.0
ppo,hard,40010,9,1.0,5.0,19.0,4360.0,24.5,0.0,7.0,9.0
ppo,hard,40010,10,1.0,5.0,14.0,4025.0,30.5,0.0,7.0,9.0
ppo,hard,40010,11,1.0,5.0,20.0,4410.0,29.19999999999999,0.0,8.0,9.0
ppo,hard,40010,12,1.0,5.0,13.0,4355.0,22.19999999999999,0.0,7.0,9.0
ppo,hard,40010,13,1.0,5.0,20.0,4320.0,53.5,0.0,8.0,9.0
ppo,hard,40011,0,1.0,2.0,4.0,550.0,10.2,0.0,0.0,3.0
ppo,hard,40011,1,1.0,2.0,5.0,650.0,12.7,0.0,0.0,4.0
ppo,hard,40011,2,1.0,3.0,10.0,2595.0,33.0,0.0,4.0,6.0
ppo,hard,40011,3,1.0,5.0,12.0,3275.0,25.9,0.0,5.0,6.0
ppo,hard,40011,4,1.0,5.0,16.0,4125.0,25.5,0.0,8.0,7.0
ppo,hard,40011,5,1.0,5.0,19.0,4200.0,20.400000000000006,0.0,8.0,7.0
ppo,hard,40011,6,1.0,5.0,17.0,3785.0,28.999999999999986,0.0,6.0,8.0
ppo,hard,40011,7,1.0,5.0,16.0,3760.0,44.20000000000002,0.0,6.0,8.0
ppo,hard,40011,8,1.0,5.0,15.0,4265.0,31.400000000000006,0.0,8.0,9.0
ppo,hard,40011,9,1.0,5.0,17.0,4065.0,26.80000000000001,0.0,6.0,9.0
ppo,hard,40011,10,1.0,5.0,14.0,3950.0,30.69999999999999,0.0,7.0,9.0
ppo,hard,40011,11,1.0,5.0,17.0,3980.0,27.30000000000001,0.0,7.0,9.0
ppo,hard,40011,12,1.0,5.0,14.0,3920.0,33.69999999999999,0.0,6.0,9.0
ppo,hard,40011,13,1.0,5.0,17.0,4295.0,23.399999999999977,0.0,7.0,9.0
ppo,hard,40012,0,1.0,2.0,4.0,550.0,11.4,0.0,0.0,3.0
ppo,hard,40012,1,1.0,2.0,5.0,650.0,9.4,0.0,0.0,4.0
ppo,hard,40012,2,1.0,3.0,13.0,2650.0,50.400000000000006,0.0,5.0,6.0
ppo,hard,40012,3,1.0,5.0,12.0,3490.0,21.200000000000003,0.0,5.0,6.0
ppo,hard,40012,4,1.0,5.0,13.0,4180.0,27.299999999999997,0.0,6.0,7.0
ppo,hard,40012,5,1.0,5.0,14.0,3990.0,21.799999999999997,0.0,7.0,7.0
ppo,hard,40012,6,1.0,5.0,18.0,4375.0,25.30000000000001,0.0,8.0,8.0
ppo,hard,40012,7,1.0,5.0,18.0,3605.0,37.69999999999999,0.0,6.0,8.0
ppo,hard,40012,8,1.0,5.0,18.0,4350.0,40.599999999999994,0.0,8.0,9.0
ppo,hard,40012,9,1.0,5.0,16.0,4035.0,34.400000000000006,0.0,7.0,9.0
ppo,hard,40012,10,1.0,5.0,18.0,4025.0,40.10000000000002,0.0,6.0,9.0
ppo,hard,40012,11,1.0,5.0,14.0,4140.0,26.19999999999999,0.0,6.0,9.0
ppo,hard,40012,12,1.0,5.0,13.0,4100.0,40.30000000000001,0.0,8.0,9.0
ppo,hard,40012,13,1.0,5.0,20.0,4180.0,27.5,0.0,8.0,9.0
ppo,hard,40013,0,1.0,2.0,4.0,550.0,16.9,0.0,0.0,3.0
ppo,hard,40013,1,1.0,2.0,5.0,650.0,11.8,0.0,0.0,4.0
ppo,hard,40013,2,1.0,4.0,11.0,2995.0,18.3,0.0,4.0,6.0
ppo,hard,40013,3,1.0,5.0,17.0,3700.0,20.599999999999994,0.0,6.0,6.0
ppo,hard,40013,4,1.0,5.0,16.0,3850.0,25.400000000000006,0.0,8.0,7.0
ppo,hard,40013,5,1.0,5.0,14.0,4020.0,23.099999999999994,0.0,8.0,7.0
ppo,hard,40013,6,1.0,5.0,19.0,4500.0,30.0,0.0,8.0,8.0
ppo,hard,40013,7,1.0,5.0,17.0,4260.0,39.30000000000001,0.0,8.0,8.0
ppo,hard,40013,8,1.0,5.0,19.0,4480.0,22.599999999999994,0.0,7.0,9.0
ppo,hard,40013,9,1.0,5.0,15.0,3785.0,19.400000000000006,0.0,6.0,9.0
ppo,hard,40013,10,1.0,5.0,17.0,4055.0,17.69999999999999,0.0,7.0,9.0
ppo,hard,40013,11,1.0,5.0,15.0,4075.0,15.000000000000028,0.0,7.0,9.0
ppo,hard,40013,12,1.0,5.0,15.0,3775.0,30.19999999999999,0.0,6.0,9.0
ppo,hard,40013,13,1.0,5.0,17.0,4180.0,32.39999999999998,0.0,8.0,9.0
ppo,hard,40014,0,1.0,2.0,4.0,550.0,9.3,0.0,0.0,3.0
ppo,hard,40014,1,1.0,2.0,5.0,650.0,12.599999999999998,0.0,0.0,4.0
ppo,hard,40014,2,1.0,4.0,17.0,3350.0,35.2,0.0,6.0,6.0
ppo,hard,40014,3,1.0,5.0,12.0,3215.0,21.499999999999993,0.0,5.0,6.0
ppo,hard,40014,4,1.0,5.0,17.0,3995.0,23.5,0.0,7.0,7.0
ppo,hard,40014,5,1.0,5.0,15.0,3710.0,24.10000000000001,0.0,6.0,7.0
ppo,hard,40014,6,1.0,5.0,13.0,4310.0,19.60000000000001,0.0,7.0,8.0
ppo,hard,40014,7,1.0,5.0,14.0,4365.0,21.299999999999983,0.0,6.0,8.0
ppo,hard,40014,8,1.0,5.0,11.0,3860.0,34.30000000000001,0.0,6.0,9.0
ppo,hard,40014,9,1.0,5.0,19.0,4265.0,41.5,0.0,7.0,9.0
ppo,hard,40014,10,1.0,5.0,15.0,4065.0,26.299999999999983,0.0,6.0,9.0
ppo,hard,40014,11,1.0,5.0,12.0,3820.0,23.19999999999999,0.0,6.0,9.0
ppo,hard,40014,12,1.0,5.0,15.0,3805.0,37.200000000000045,0.0,6.0,9.0
ppo,hard,40014,13,1.0,5.0,19.0,4010.0,39.299999999999955,0.0,8.0,9.0
ppo,hard,40015,0,1.0,2.0,4.0,550.0,9.4,0.0,0.0,3.0
ppo,hard,40015,1,1.0,2.0,5.0,650.0,20.1,0.0,0.0,4.0
ppo,hard,40015,2,1.0,5.0,15.0,3350.0,45.2,0.0,6.0,6.0
ppo,hard,40015,3,1.0,5.0,15.0,4080.0,27.599999999999994,0.0,7.0,6.0
ppo,hard,40015,4,1.0,5.0,16.0,4135.0,29.799999999999997,0.0,7.0,7.0
ppo,hard,40015,5,1.0,5.0,11.0,3675.0,20.700000000000017,0.0,6.0,7.0
ppo,hard,40015,6,1.0,5.0,13.0,4150.0,30.099999999999994,0.0,8.0,8.0
ppo,hard,40015,7,1.0,5.0,18.0,3845.0,23.099999999999994,0.0,6.0,8.0
ppo,hard,40015,8,1.0,5.0,19.0,4075.0,45.80000000000001,0.0,7.0,9.0
ppo,hard,40015,9,1.0,5.0,15.0,4065.0,31.899999999999977,0.0,7.0,9.0
ppo,hard,40015,10,1.0,5.0,21.0,4255.0,37.69999999999999,0.0,8.0,9.0
ppo,hard,40015,11,1.0,5.0,19.0,4175.0,25.5,0.0,6.0,9.0
ppo,hard,40015,12,1.0,5.0,18.0,4110.0,34.0,0.0,7.0,9.0
ppo,hard,40015,13,1.0,5.0,12.0,3835.0,29.900000000000034,0.0,6.0,9.0
ppo,hard,40016,0,1.0,2.0,4.0,550.0,7.9,0.0,0.0,3.0
ppo,hard,40016,1,1.0,2.0,5.0,650.0,8.700000000000001,0.0,0.0,4.0
ppo,hard,40016,2,1.0,4.0,15.0,3395.0,38.6,0.0,6.0,6.0
ppo,hard,40016,3,1.0,5.0,14.0,3340.0,31.599999999999994,0.0,7.0,6.0
ppo,hard,40016,4,1.0,5.0,16.0,3710.0,44.8,0.0,6.0,7.0
ppo,hard,40016,5,1.0,5.0,17.0,4060.0,24.5,0.0,8.0,7.0
ppo,hard,40016,6,1.0,5.0,16.0,4110.0,24.30000000000001,0.0,8.0,8.0
ppo,hard,40016,7,1.0,5.0,16.0,4310.0,39.79999999999998,0.0,8.0,8.0
ppo,hard,40016,8,1.0,5.0,16.0,4185.0,39.5,0.0,7.0,9.0
ppo,hard,40016,9,1.0,5.0,16.0,4065.0,31.900000000000034,0.0,7.0,9.0
ppo,hard,40016,10,1.0,5.0,21.0,4065.0,46.0,0.0,8.0,9.0
ppo,hard,40016,11,1.0,5.0,17.0,4295.0,18.0,0.0,8.0,9.0
ppo,hard,40016,12,1.0,5.0,17.0,4460.0,19.799999999999955,0.0,7.0,9.0
ppo,hard,40016,13,1.0,5.0,18.0,4035.0,54.700000000000045,0.0,8.0,9.0
ppo,hard,40017,0,1.0,2.0,4.0,550.0,11.0,0.0,0.0,3.0
ppo,hard,40017,1,1.0,2.0,5.0,650.0,7.100000000000001,0.0,0.0,4.0
ppo,hard,40017,2,1.0,5.0,15.0,3730.0,17.699999999999996,0.0,6.0,6.0
ppo,hard,40017,3,1.0,5.0,16.0,3480.0,27.6,0.0,5.0,6.0
ppo,hard,40017,4,1.0,5.0,16.0,4080.0,42.00000000000001,0.0,7.0,7.0
ppo,hard,40017,5,1.0,5.0,12.0,3520.0,28.69999999999999,0.0,6.0,7.0
ppo,hard,40017,6,1.0,5.0,18.0,3890.0,51.599999999999994,0.0,8.0,8.0
ppo,hard,40017,7,1.0,5.0,15.0,4135.0,29.700000000000017,0.0,8.0,8.0
ppo,hard,40017,8,1.0,5.0,17.0,4250.0,35.19999999999999,0.0,8.0,9.0
ppo,hard,40017,9,1.0,5.0,16.0,3650.0,40.099999999999994,0.0,6.0,9.0
ppo,hard,40017,10,1.0,5.0,16.0,4240.0,26.5,0.0,8.0,9.0
ppo,hard,40017,11,1.0,5.0,16.0,3860.0,29.0,0.0,7.0,9.0
ppo,hard,40017,12,1.0,5.0,16.0,3875.0,20.0,0.0,6.0,9.0
ppo,hard,40017,13,1.0,5.0,15.0,4025.0,20.69999999999999,0.0,8.0,9.0
ppo,hard,40018,0,1.0,2.0,4.0,550.0,10.1,0.0,0.0,3.0
ppo,hard,40018,1,1.0,2.0,5.0,650.0,8.500000000000002,0.0,0.0,4.0
ppo,hard,40018,2,1.0,3.0,10.0,2915.0,16.0,0.0,4.0,6.0
ppo,hard,40018,3,1.0,5.0,12.0,3870.0,23.799999999999997,0.0,7.0,6.0
ppo,hard,40018,4,1.0,5.0,16.0,4180.0,32.50000000000001,0.0,8.0,7.0
ppo,hard,40018,5,1.0,5.0,13.0,3910.0,14.599999999999994,0.0,7.0,7.0
ppo,hard,40018,6,1.0,5.0,12.0,4000.0,15.200000000000003,0.0,6.0,8.0
ppo,hard,40018,7,1.0,5.0,19.0,4340.0,31.499999999999986,0.0,8.0,8.0
ppo,hard,40018,8,1.0,5.0,13.0,4245.0,48.400000000000006,0.0,8.0,9.0
ppo,hard,40018,9,1.0,5.0,12.0,4515.0,21.80000000000001,0.0,8.0,9.0
ppo,hard,40018,10,1.0,5.0,15.0,4035.0,34.49999999999997,0.0,6.0,9.0
ppo,hard,40018,11,1.0,5.0,14.0,3730.0,32.5,0.0,6.0,9.0
ppo,hard,40018,12,1.0,5.0,19.0,4195.0,28.0,0.0,8.0,9.0
ppo,hard,40018,13,1.0,5.0,21.0,4750.0,25.900000000000034,0.0,8.0,9.0
ppo,hard,40019,0,1.0,2.0,4.0,550.0,8.8,0.0,0.0,3.0
ppo,hard,40019,1,1.0,2.0,5.0,650.0,9.399999999999999,0.0,0.0,4.0
ppo,hard,40019,2,1.0,4.0,14.0,3195.0,28.8,0.0,6.0,6.0
ppo,hard,40019,3,1.0,5.0,16.0,3900.0,20.299999999999997,0.0,7.0,6.0
ppo,hard,40019,4,1.0,5.0,15.0,3810.0,19.900000000000006,0.0,6.0,7.0
ppo,hard,40019,5,1.0,5.0,16.0,4110.0,24.39999999999999,0.0,8.0,7.0
ppo,hard,40019,6,1.0,5.0,15.0,3850.0,20.700000000000017,0.0,6.0,8.0
ppo,hard,40019,7,1.0,5.0,16.0,4025.0,25.799999999999983,0.0,6.0,8.0
ppo,hard,40019,8,1.0,5.0,10.0,4075.0,15.400000000000006,0.0,7.0,9.0
ppo,hard,40019,9,1.0,5.0,20.0,3940.0,26.099999999999994,0.0,8.0,9.0
ppo,hard,40019,10,1.0,5.0,13.0,4255.0,27.099999999999994,0.0,8.0,9.0
ppo,hard,40019,11,1.0,5.0,19.0,4230.0,22.5,0.0,8.0,9.0
ppo,hard,40019,12,1.0,5.0,18.0,4320.0,28.0,0.0,7.0,9.0
ppo,hard,40019,13,1.0,5.0,15.0,3900.0,15.699999999999989,0.0,7.0,9.0
ppo,hard,40020,0,1.0,2.0,4.0,550.0,15.8,0.0,0.0,3.0
ppo,hard,40020,1,1.0,2.0,5.0,650.0,8.8,0.0,0.0,4.0
ppo,hard,40020,2,1.0,5.0,14.0,3635.0,24.0,0.0,6.0,6.0
ppo,hard,40020,3,1.0,5.0,15.0,3600.0,40.49999999999999,0.0,6.0,6.0
ppo,hard,40020,4,1.0,5.0,13.0,3795.0,38.5,0.0,6.0,7.0
ppo,hard,40020,5,1.0,5.0,16.0,4155.0,37.5,0.0,7.0,7.0
ppo,hard,40020,6,1.0,5.0,16.0,3990.0,31.599999999999994,0.0,8.0,8.0
ppo,hard,40020,7,1.0,5.0,18.0,4165.0,21.400000000000006,0.0,7.0,8.0
ppo,hard,40020,8,1.0,5.0,19.0,4130.0,37.70000000000002,0.0,8.0,9.0
ppo,hard,40020,9,1.0,5.0,14.0,4200.0,40.80000000000001,0.0,6.0,9.0
ppo,hard,40020,10,1.0,5.0,13.0,4340.0,31.399999999999977,0.0,8.0,9.0
ppo,hard,40020,11,1.0,5.0,14.0,3950.0,35.39999999999998,0.0,6.0,9.0
ppo,hard,40020,12,1.0,5.0,15.0,4360.0,39.60000000000002,0.0,6.0,9.0
ppo,hard,40020,13,1.0,5.0,19.0,4140.0,36.0,0.0,6.0,9.0
ppo,hard,40021,0,1.0,2.0,4.0,550.0,9.5,0.0,0.0,3.0
ppo,hard,40021,1,1.0,2.0,5.0,650.0,9.399999999999999,0.0,0.0,4.0
ppo,hard,40021,2,1.0,4.0,13.0,2910.0,34.6,0.0,5.0,6.0
ppo,hard,40021,3,1.0,5.0,14.0,3795.0,28.900000000000006,0.0,7.0,6.0
ppo,hard,40021,4,1.0,5.0,17.0,3905.0,27.0,0.0,6.0,7.0
ppo,hard,40021,5,1.0,5.0,15.0,3685.0,24.799999999999983,0.0,7.0,7.0
ppo,hard,40021,6,1.0,5.0,16.0,3955.0,27.900000000000006,0.0,8.0,8.0
ppo,hard,40021,7,1.0,5.0,21.0,3975.0,20.5,0.0,8.0,8.0
ppo,hard,40021,8,1.0,5.0,17.0,3775.0,45.30000000000001,0.0,8.0,9.0
ppo,hard,40021,9,1.0,5.0,15.0,4230.0,22.799999999999983,0.0,7.0,9.0
ppo,hard,40021,10,1.0,5.0,21.0,4955.0,22.5,0.0,8.0,9.0
ppo,hard,40021,11,1.0,5.0,13.0,3940.0,36.5,0.0,6.0,9.0
ppo,hard,40021,12,1.0,5.0,20.0,4125.0,25.30000000000001,0.0,8.0,9.0
ppo,hard,40021,13,1.0,5.0,14.0,3560.0,49.5,0.0,5.0,9.0
ppo,hard,40022,0,1.0,2.0,4.0,550.0,11.9,0.0,0.0,3.0
ppo,hard,40022,1,1.0,2.0,5.0,650.0,7.9,0.0,0.0,4.0
ppo,hard,40022,2,1.0,4.0,8.0,3205.0,12.400000000000002,0.0,4.0,6.0
ppo,hard,40022,3,1.0,5.0,13.0,3750.0,35.89999999999999,0.0,7.0,6.0
ppo,hard,40022,4,1.0,5.0,16.0,3735.0,34.2,0.0,6.0,7.0
ppo,hard,40022,5,1.0,5.0,19.0,4120.0,23.400000000000006,0.0,8.0,7.0
ppo,hard,40022,6,1.0,5.0,18.0,4045.0,28.60000000000001,0.0,7.0,8.0
ppo,hard,40022,7,1.0,5.0,17.0,4345.0,28.19999999999999,0.0,8.0,8.0
ppo,hard,40022,8,1.0,5.0,16.0,3940.0,41.900000000000006,0.0,6.0,9.0
ppo,hard,40022,9,1.0,5.0,16.0,3925.0,25.099999999999994,0.0,6.0,9.0
ppo,hard,40022,10,1.0,5.0,18.0,4465.0,21.80000000000001,0.0,8.0,9.0
ppo,hard,40022,11,1.0,5.0,16.0,4065.0,46.30000000000001,0.0,7.0,9.0
ppo,hard,40022,12,1.0,5.0,14.0,4305.0,32.799999999999955,0.0,7.0,9.0
ppo,hard,40022,13,1.0,5.0,15.0,4135.0,34.30000000000001,0.0,8.0,9.0
ppo,hard,40023,0,1.0,2.0,4.0,550.0,9.6,0.0,0.0,3.0
ppo,hard,40023,1,1.0,2.0,5.0,650.0,10.299999999999999,0.0,0.0,4.0
ppo,hard,40023,2,1.0,3.0,13.0,2745.0,18.1,0.0,4.0,6.0
ppo,hard,40023,3,1.0,5.0,14.0,3655.0,12.600000000000001,0.0,6.0,6.0
ppo,hard,40023,4,1.0,5.0,16.0,4175.0,40.300000000000004,0.0,8.0,7.0
ppo,hard,40023,5,1.0,5.0,16.0,3875.0,25.799999999999997,0.0,7.0,7.0
ppo,hard,40023,6,1.0,5.0,15.0,4010.0,24.200000000000003,0.0,6.0,8.0
ppo,hard,40023,7,1.0,5.0,14.0,3940.0,36.69999999999999,0.0,8.0,8.0
ppo,hard,40023,8,1.0,5.0,19.0,4710.0,19.599999999999994,0.0,8.0,9.0
ppo,hard,40023,9,1.0,5.0,17.0,4230.0,22.30000000000001,0.0,6.0,9.0
ppo,hard,40023,10,1.0,5.0,20.0,3930.0,42.30000000000001,0.0,7.0,9.0
ppo,hard,40023,11,1.0,5.0,17.0,3600.0,40.80000000000001,0.0,6.0,9.0
ppo,hard,40023,12,1.0,5.0,16.0,4320.0,28.399999999999977,0.0,7.0,9.0
ppo,hard,40023,13,1.0,5.0,14.0,3675.0,45.19999999999999,0.0,6.0,9.0
ppo,hard,40024,0,1.0,2.0,4.0,550.0,11.3,0.0,0.0,3.0
ppo,hard,40024,1,1.0,2.0,5.0,650.0,18.7,0.0,0.0,4.0
ppo,hard,40024,2,1.0,5.0,14.0,3725.0,30.299999999999997,0.0,6.0,6.0
ppo,hard,40024,3,1.0,5.0,13.0,3610.0,29.10000000000001,0.0,6.0,6.0
ppo,hard,40024,4,1.0,5.0,18.0,4035.0,34.099999999999994,0.0,8.0,7.0
ppo,hard,40024,5,1.0,5.0,18.0,4315.0,26.19999999999999,0.0,8.0,7.0
ppo,hard,40024,6,1.0,5.0,17.0,3905.0,32.80000000000001,0.0,7.0,8.0
ppo,hard,40024,7,1.0,5.0,11.0,3890.0,26.30000000000001,0.0,6.0,8.0
ppo,hard,40024,8,1.0,5.0,17.0,3885.0,19.099999999999994,0.0,5.0,9.0
ppo,hard,40024,9,1.0,5.0,13.0,3870.0,18.5,0.0,6.0,9.0
ppo,hard,40024,10,1.0,5.0,15.0,3950.0,25.299999999999983,0.0,6.0,9.0
ppo,hard,40024,11,1.0,5.0,14.0,4370.0,28.600000000000023,0.0,8.0,9.0
ppo,hard,40024,12,1.0,5.0,18.0,4205.0,37.80000000000001,0.0,7.0,9.0
ppo,hard,40024,13,1.0,5.0,16.0,4315.0,21.599999999999966,0.0,8.0,9.0
ppo,hard,40025,0,1.0,2.0,4.0,550.0,8.5,0.0,0.0,3.0
ppo,hard,40025,1,1.0,2.0,5.0,650.0,13.3,0.0,0.0,4.0
ppo,hard,40025,2,1.0,3.0,10.0,2645.0,27.999999999999996,0.0,5.0,6.0
ppo,hard,40025,3,1.0,5.0,16.0,3480.0,17.900000000000006,0.0,6.0,6.0
ppo,hard,40025,4,1.0,5.0,14.0,3930.0,22.39999999999999,0.0,6.0,7.0
ppo,hard,40025,5,1.0,5.0,17.0,3355.0,27.700000000000003,0.0,6.0,7.0
ppo,hard,40025,6,1.0,5.0,18.0,3810.0,29.200000000000003,0.0,7.0,8.0
ppo,hard,40025,7,1.0,5.0,12.0,3670.0,28.400000000000006,0.0,6.0,8.0
ppo,hard,40025,8,1.0,5.0,18.0,4420.0,38.19999999999999,0.0,8.0,9.0
ppo,hard,40025,9,1.0,5.0,17.0,3975.0,35.80000000000001,0.0,6.0,9.0
ppo,hard,40025,10,1.0,5.0,16.0,4555.0,27.700000000000017,0.0,7.0,9.0
ppo,hard,40025,11,1.0,5.0,16.0,3585.0,24.299999999999955,0.0,6.0,9.0
ppo,hard,40025,12,1.0,5.0,16.0,3975.0,40.30000000000001,0.0,7.0,9.0
ppo,hard,40025,13,1.0,5.0,14.0,3735.0,24.900000000000034,0.0,7.0,9.0
ppo,hard,40026,0,1.0,2.0,4.0,550.0,8.8,0.0,0.0,3.0
ppo,hard,40026,1,1.0,2.0,5.0,650.0,10.3,0.0,0.0,4.0
ppo,hard,40026,2,1.0,4.0,14.0,2995.0,18.199999999999996,0.0,4.0,6.0
ppo,hard,40026,3,1.0,5.0,17.0,3460.0,39.400000000000006,0.0,7.0,6.0
ppo,hard,40026,4,1.0,5.0,19.0,4275.0,55.8,0.0,8.0,7.0
ppo,hard,40026,5,1.0,5.0,13.0,4030.0,22.599999999999994,0.0,8.0,7.0
ppo,hard,40026,6,1.0,5.0,13.0,3680.0,37.0,0.0,6.0,8.0
ppo,hard,40026,7,1.0,5.0,14.0,4320.0,23.5,0.0,8.0,8.0
ppo,hard,40026,8,1.0,5.0,18.0,4190.0,41.00000000000003,0.0,8.0,9.0
ppo,hard,40026,9,1.0,5.0,12.0,3960.0,24.099999999999966,0.0,6.0,9.0
ppo,hard,40026,10,1.0,5.0,16.0,4310.0,29.80000000000001,0.0,8.0,9.0
ppo,hard,40026,11,1.0,5.0,19.0,3980.0,47.39999999999998,0.0,8.0,9.0
ppo,hard,40026,12,1.0,5.0,19.0,4295.0,28.5,0.0,7.0,9.0
ppo,hard,40026,13,1.0,5.0,16.0,4120.0,28.5,0.0,7.0,9.0
ppo,hard,40027,0,1.0,2.0,4.0,550.0,7.2,0.0,0.0,3.0
ppo,hard,40027,1,1.0,2.0,5.0,650.0,17.3,0.0,0.0,4.0
ppo,hard,40027,2,1.0,3.0,10.0,2640.0,21.0,0.0,4.0,6.0
ppo,hard,40027,3,1.0,5.0,14.0,3775.0,25.400000000000006,0.0,6.0,6.0
ppo,hard,40027,4,1.0,5.0,13.0,4010.0,19.299999999999997,0.0,7.0,7.0
ppo,hard,40027,5,1.0,5.0,17.0,3795.0,23.5,0.0,7.0,7.0
ppo,hard,40027,6,1.0,5.0,16.0,3740.0,36.60000000000001,0.0,6.0,8.0
ppo,hard,40027,7,1.0,5.0,18.0,4180.0,17.5,0.0,6.0,8.0
ppo,hard,40027,8,1.0,5.0,17.0,4180.0,22.399999999999977,0.0,6.0,9.0
ppo,hard,40027,9,1.0,5.0,14.0,3830.0,22.30000000000001,0.0,7.0,9.0
ppo,hard,40027,10,1.0,5.0,16.0,3865.0,31.599999999999994,0.0,6.0,9.0
ppo,hard,40027,11,1.0,5.0,11.0,3990.0,16.700000000000017,0.0,6.0,9.0
ppo,hard,40027,12,1.0,5.0,15.0,4180.0,17.099999999999966,0.0,8.0,9.0
ppo,hard,40027,13,1.0,5.0,15.0,4035.0,34.60000000000002,0.0,7.0,9.0
ppo,hard,40028,0,1.0,2.0,4.0,550.0,10.5,0.0,0.0,3.0
ppo,hard,40028,1,1.0,2.0,5.0,650.0,14.100000000000001,0.0,0.0,4.0
ppo,hard,40028,2,1.0,4.0,13.0,3030.0,22.0,0.0,4.0,6.0
ppo,hard,40028,3,1.0,5.0,14.0,4060.0,19.800000000000004,0.0,7.0,6.0
ppo,hard,40028,4,1.0,5.0,15.0,3900.0,25.19999999999999,0.0,7.0,7.0
ppo,hard,40028,5,1.0,5.0,17.0,4065.0,21.80000000000001,0.0,7.0,7.0
ppo,hard,40028,6,1.0,5.0,14.0,3850.0,15.299999999999983,0.0,6.0,8.0
ppo,hard,40028,7,1.0,5.0,16.0,4270.0,28.30000000000001,0.0,7.0,8.0
ppo,hard,40028,8,1.0,5.0,14.0,4255.0,32.5,0.0,6.0,9.0
ppo,hard,40028,9,1.0,5.0,18.0,3990.0,31.5,0.0,8.0,9.0
ppo,hard,40028,10,1.0,5.0,19.0,4275.0,20.0,0.0,7.0,9.0
ppo,hard,40028,11,1.0,5.0,19.0,4550.0,40.0,0.0,8.0,9.0
ppo,hard,40028,12,1.0,5.0,10.0,3745.0,23.30000000000001,0.0,6.0,9.0
ppo,hard,40028,13,1.0,5.0,21.0,4235.0,34.80000000000001,0.0,8.0,9.0
ppo,hard,40029,0,1.0,2.0,4.0,550.0,6.4,0.0,0.0,3.0
ppo,hard,40029,1,1.0,2.0,5.0,650.0,10.6,0.0,0.0,4.0
ppo,hard,40029,2,1.0,4.0,16.0,2840.0,41.3,0.0,5.0,6.0
ppo,hard,40029,3,1.0,5.0,13.0,3335.0,24.700000000000003,0.0,6.0,6.0
ppo,hard,40029,4,1.0,5.0,17.0,4090.0,26.099999999999994,0.0,8.0,7.0
ppo,hard,40029,5,1.0,5.0,14.0,3645.0,38.20000000000002,0.0,6.0,7.0
ppo,hard,40029,6,1.0,5.0,15.0,4170.0,33.5,0.0,6.0,8.0
ppo,hard,40029,7,1.0,5.0,16.0,3830.0,17.899999999999977,0.0,6.0,8.0
ppo,hard,40029,8,1.0,5.0,14.0,3755.0,32.20000000000002,0.0,6.0,9.0
ppo,hard,40029,9,1.0,5.0,16.0,4040.0,36.400000000000006,0.0,8.0,9.0
ppo,hard,40029,10,1.0,5.0,20.0,4280.0,27.899999999999977,0.0,8.0,9.0
ppo,hard,40029,11,1.0,5.0,15.0,4035.0,34.69999999999999,0.0,8.0,9.0
ppo,hard,40029,12,1.0,5.0,12.0,4125.0,45.30000000000001,0.0,6.0,9.0
ppo,hard,40029,13,1.0,5.0,18.0,4615.0,36.400000000000034,0.0,8.0,9.0
ppo,hard,40030,0,1.0,2.0,4.0,550.0,6.8,0.0,0.0,3.0
ppo,hard,40030,1,1.0,2.0,5.0,650.0,15.0,0.0,0.0,4.0
ppo,hard,40030,2,1.0,3.0,12.0,2735.0,19.8,0.0,5.0,6.0
ppo,hard,40030,3,1.0,5.0,14.0,3620.0,28.1,0.0,7.0,6.0
ppo,hard,40030,4,1.0,5.0,17.0,4025.0,35.39999999999999,0.0,8.0,7.0
ppo,hard,40030,5,1.0,5.0,16.0,4125.0,20.900000000000006,0.0,8.0,7.0
ppo,hard,40030,6,1.0,5.0,16.0,3825.0,25.19999999999999,0.0,6.0,8.0
ppo,hard,40030,7,1.0,5.0,16.0,3995.0,43.60000000000002,0.0,7.0,8.0
ppo,hard,40030,8,1.0,5.0,15.0,4075.0,30.799999999999983,0.0,7.0,9.0
ppo,hard,40030,9,1.0,5.0,17.0,3905.0,27.5,0.0,6.0,9.0
ppo,hard,40030,10,1.0,5.0,14.0,4310.0,29.299999999999983,0.0,8.0,9.0
ppo,hard,40030,11,1.0,5.0,19.0,4095.0,33.60000000000002,0.0,7.0,9.0
ppo,hard,40030,12,1.0,5.0,14.0,4360.0,19.600000000000023,0.0,7.0,9.0
ppo,hard,40030,13,1.0,5.0,18.0,3915.0,41.099999999999966,0.0,6.0,9.0
ppo,hard,40031,0,1.0,2.0,4.0,550.0,11.7,0.0,0.0,3.0
ppo,hard,40031,1,1.0,2.0,5.0,650.0,8.100000000000001,0.0,0.0,4.0
ppo,hard,40031,2,1.0,4.0,16.0,2970.0,28.8,0.0,5.0,6.0
ppo,hard,40031,3,1.0,5.0,13.0,3710.0,24.499999999999993,0.0,7.0,6.0
ppo,hard,40031,4,1.0,5.0,13.0,3940.0,26.200000000000003,0.0,8.0,7.0
ppo,hard,40031,5,1.0,5.0,11.0,4170.0,38.7,0.0,7.0,7.0
ppo,hard,40031,6,1.0,5.0,16.0,4420.0,33.5,0.0,8.0,8.0
ppo,hard,40031,7,1.0,5.0,16.0,3895.0,33.30000000000001,0.0,6.0,8.0
ppo,hard,40031,8,1.0,5.0,16.0,3890.0,46.5,0.0,6.0,9.0
ppo,hard,40031,9,1.0,5.0,21.0,4205.0,57.099999999999966,0.0,7.0,9.0
ppo,hard,40031,10,1.0,5.0,16.0,3795.0,33.80000000000001,0.0,6.0,9.0
ppo,hard,40031,11,1.0,5.0,21.0,4245.0,18.5,0.0,7.0,9.0
ppo,hard,40031,12,1.0,5.0,13.0,3800.0,20.80000000000001,0.0,6.0,9.0
ppo,hard,40031,13,1.0,5.0,14.0,4085.0,34.10000000000002,0.0,7.0,9.0
